-- phpMyAdmin SQL Dump
-- version 4.6.4
-- https://www.phpmyadmin.net/
--
-- Host: mysql.summerinthecity.com
-- Generation Time: Jan 25, 2017 at 08:38 PM
-- Server version: 5.6.25-log
-- PHP Version: 7.1.0

SET SQL_MODE = "NO_AUTO_VALUE_ON_ZERO";
SET time_zone = "+00:00";


/*!40101 SET @OLD_CHARACTER_SET_CLIENT=@@CHARACTER_SET_CLIENT */;
/*!40101 SET @OLD_CHARACTER_SET_RESULTS=@@CHARACTER_SET_RESULTS */;
/*!40101 SET @OLD_COLLATION_CONNECTION=@@COLLATION_CONNECTION */;
/*!40101 SET NAMES utf8mb4 */;

--
-- Database: `sitc_workforce`
--

-- --------------------------------------------------------

--
-- Table structure for table `AttendanceRecord`
--

CREATE TABLE `AttendanceRecord` (
  `date` date NOT NULL,
  `person_id` int(11) NOT NULL,
  `carpoolSite_id` varchar(20) NOT NULL,
  `assignedToProject` enum('paint','plant','play') NOT NULL,
  `assignedToSite_id` varchar(20) NOT NULL,
  `numHoursToCredit` tinyint(4) NOT NULL
) ENGINE=InnoDB DEFAULT CHARSET=latin1;

-- --------------------------------------------------------

--
-- Table structure for table `CarpoolSite`
--

CREATE TABLE `CarpoolSite` (
  `carpoolSite_id` varchar(20) NOT NULL,
  `name` varchar(30) NOT NULL,
  `captain_id` int(11) DEFAULT NULL,
  `address` varchar(50) NOT NULL,
  `city` varchar(50) NOT NULL,
  `state` varchar(2) NOT NULL,
  `zip` varchar(7) NOT NULL,
  `extraDirection` varchar(65000) DEFAULT NULL
) ENGINE=InnoDB DEFAULT CHARSET=latin1;

--
-- Dumping data for table `CarpoolSite`
--

INSERT INTO `CarpoolSite` (`carpoolSite_id`, `name`, `captain_id`, `address`, `city`, `state`, `zip`, `extraDirection`) VALUES
('aa', 'Ann Arbor', NULL, '', '', '', '', NULL),
('bf', 'Bloomfield Hills', NULL, '', '', '', '', NULL),
('brk', 'Berkley', NULL, '', '', '', '', NULL),
('cp', 'Clark Park', NULL, '', '', '', '', NULL),
('drbn', 'Dearborn', NULL, '', '', '', '', NULL),
('gp', 'Grosse Pointe', NULL, '', '', '', '', NULL),
('gro', 'Groves', NULL, '', '', '', '', NULL),
('nf', 'North Farmington', NULL, '', '', '', '', NULL),
('nv', 'Northville', NULL, '', '', '', '', NULL),
('ren', 'Renaissance', NULL, '', '', '', '', NULL),
('troy', 'Troy', NULL, '', '', '', '', NULL);

-- --------------------------------------------------------

--
-- Table structure for table `CheckedIn`
--

CREATE TABLE `CheckedIn` (
  `person_id` int(11) NOT NULL,
  `carpoolSite_id` varchar(20) DEFAULT NULL,
  `assignedToProject` enum('paint','plant','play','all') DEFAULT NULL,
  `assignedToSite_id` varchar(20) DEFAULT NULL,
  `driverStatus` enum('isDriver','ifNeeded') DEFAULT NULL,
  `assignedToDriver_id` int(11) DEFAULT NULL,
  `numHoursToCredit` tinyint(4) NOT NULL,
  `isCheckedIn` tinyint(1) DEFAULT '1'
) ENGINE=InnoDB DEFAULT CHARSET=latin1;

--
-- Dumping data for table `CheckedIn`
--

INSERT INTO `CheckedIn` (`person_id`, `carpoolSite_id`, `assignedToProject`, `assignedToSite_id`, `driverStatus`, `assignedToDriver_id`, `numHoursToCredit`, `isCheckedIn`) VALUES
(4, 'bf', 'play', 'hamtramck', NULL, NULL, 0, 1),
(38, 'nf', '', '', NULL, NULL, 0, 1),
(114, 'troy', '', '', NULL, NULL, 0, 1),
(116, 'bf', '', '', NULL, 0, 0, 1),
(164, 'nv', 'play', NULL, NULL, NULL, 0, 1),
(196, 'troy', '', '', NULL, 0, 0, 1),
(197, 'troy', '', '', NULL, 0, 0, 1),
(200, 'bf', '', '', NULL, 0, 0, 1),
(232, 'brk', '', '', NULL, 0, 0, 1),
(249, 'troy', '', '', NULL, 0, 0, 1),
(253, 'bf', 'play', 'hamtramck', NULL, NULL, 0, 1),
(264, 'gp', 'paint', 'crowell', NULL, 507, 0, 1),
(269, 'nv', 'play', NULL, NULL, NULL, 0, 1),
(270, 'nv', 'play', NULL, NULL, NULL, 0, 1),
(271, 'bf', '', '', NULL, NULL, 0, 1),
(276, 'bf', '', '', NULL, NULL, 0, 1),
(280, 'bf', 'paint', NULL, NULL, NULL, 0, 1),
(284, 'brk', '', '', NULL, 0, 0, 1),
(330, 'bf', '', '', NULL, NULL, 0, 1),
(349, 'nv', 'play', NULL, NULL, NULL, 0, 1),
(372, 'bf', 'play', 'hamtramck', NULL, NULL, 0, 1),
(377, 'bf', 'play', 'hamtramck', NULL, NULL, 0, 1),
(399, 'gp', 'paint', NULL, NULL, NULL, 0, 1),
(400, 'gp', 'paint', NULL, NULL, NULL, 0, 1),
(403, 'bf', 'play', 'hamtramck', NULL, NULL, 0, 1),
(422, 'bf', '', '', NULL, NULL, 0, 1),
(426, 'bf', 'play', 'hamtramck', NULL, NULL, 0, 1),
(427, 'bf', 'play', 'hamtramck', NULL, NULL, 0, 1),
(458, 'gp', 'play', NULL, NULL, NULL, 0, 1),
(470, 'nv', 'paint', 'crowell', NULL, NULL, 0, 1),
(472, 'gp', 'paint', NULL, NULL, NULL, 0, 1),
(501, 'bf', 'play', 'hamtramck', 'isDriver', NULL, 0, 0),
(502, 'gro', 'play', 'delray', 'isDriver', NULL, 0, 0),
(504, 'nv', 'play', NULL, NULL, NULL, 0, 1),
(505, 'brk', '', '', 'isDriver', NULL, 0, 0),
(507, 'gp', 'paint', 'crowell', 'isDriver', NULL, 0, 0),
(512, 'nv', 'play', NULL, NULL, NULL, 0, 1),
(515, 'nv', 'play', NULL, NULL, NULL, 0, 1),
(533, 'bf', '', '', NULL, NULL, 0, 1),
(539, 'gp', 'paint', NULL, NULL, NULL, 0, 1),
(566, 'bf', '', '', NULL, NULL, 0, 1),
(569, 'bf', '', '', NULL, 0, 0, 1),
(579, 'bf', 'play', 'hamtramck', NULL, NULL, 0, 1),
(581, 'bf', 'play', 'hamtramck', NULL, NULL, 0, 1),
(588, 'aa', 'play', 'clarkPark', NULL, NULL, 0, 1),
(612, 'bf', 'play', 'hamtramck', NULL, NULL, 0, 1),
(623, 'nv', 'play', NULL, NULL, NULL, 0, 1),
(637, 'nv', 'play', NULL, NULL, NULL, 0, 1),
(638, 'bf', 'play', 'hamtramck', NULL, NULL, 0, 1),
(654, 'nv', 'play', NULL, NULL, NULL, 0, 1),
(660, 'troy', '', '', 'isDriver', NULL, 0, 1),
(667, 'gro', 'play', NULL, NULL, NULL, 0, 1),
(681, 'bf', 'play', 'hamtramck', NULL, NULL, 0, 1),
(735, 'brk', '', '', NULL, 0, 0, 1),
(739, 'troy', '', '', NULL, NULL, 0, 1),
(747, 'bf', '', '', NULL, NULL, 0, 1),
(753, 'bf', 'play', 'hamtramck', NULL, NULL, 0, 1),
(754, 'bf', 'play', 'hamtramck', NULL, NULL, 0, 1),
(760, 'bf', '', '', NULL, 0, 0, 1),
(762, 'gp', 'play', NULL, NULL, NULL, 0, 1),
(774, 'troy', '', '', NULL, NULL, 0, 1),
(806, 'gp', 'paint', 'crowell', NULL, 507, 0, 1),
(813, 'gp', 'play', NULL, NULL, NULL, 0, 1),
(842, 'bf', '', '', NULL, NULL, 0, 1),
(865, 'troy', '', '', NULL, NULL, 0, 1),
(866, 'troy', '', '', NULL, NULL, 0, 1),
(884, 'gp', 'play', NULL, NULL, NULL, 0, 1),
(919, 'nv', 'play', NULL, NULL, NULL, 0, 1),
(945, 'bf', '', '', NULL, 0, 0, 1),
(963, 'bf', '', '', NULL, 0, 0, 1),
(977, 'gro', 'play', NULL, NULL, NULL, 0, 1),
(981, 'brk', '', '', NULL, 0, 0, 1),
(988, 'bf', '', '', NULL, 0, 0, 1),
(994, 'bf', '', '', NULL, 0, 0, 1),
(999, 'bf', '', '', NULL, NULL, 0, 1),
(1001, 'bf', '', '', NULL, NULL, 0, 1),
(1006, 'nv', 'play', NULL, NULL, NULL, 0, 1),
(1014, 'brk', '', '', NULL, 0, 0, 1),
(1497, 'nf', 'play', 'delray', 'isDriver', NULL, 0, 0),
(1499, 'gro', 'play', 'flp', 'isDriver', NULL, 0, 0),
(1503, 'nv', 'play', 'clarkPark', 'isDriver', NULL, 0, 0),
(1515, 'nv', 'paint', 'crowell', 'isDriver', NULL, 0, 0),
(1517, 'gro', 'play', NULL, NULL, NULL, 0, 1),
(1522, 'nf', 'play', 'nwac', 'isDriver', NULL, 0, 0),
(1532, 'bf', 'play', 'hamtramck', 'isDriver', NULL, 0, 1),
(1535, 'nf', 'play', 'nwac', 'isDriver', NULL, 0, 0),
(1536, 'nf', 'play', 'nwac', 'isDriver', NULL, 0, 0),
(1546, 'aa', 'play', 'clarkPark', 'isDriver', NULL, 0, 0),
(1548, 'troy', '', '', '', NULL, 0, 0),
(1549, 'nv', 'play', 'hamtramck', 'isDriver', NULL, 0, 0),
(1550, 'bf', '', '', 'isDriver', NULL, 0, 0);

-- --------------------------------------------------------

--
-- Table structure for table `Crew`
--

CREATE TABLE `Crew` (
  `person_id` int(11) NOT NULL,
  `hasPermanentAssignment` tinyint(1) NOT NULL DEFAULT '0',
  `assignedProject` enum('paint','plant','play','all') NOT NULL DEFAULT 'all',
  `assignedSite` varchar(40) DEFAULT NULL,
  `position` varchar(35) DEFAULT NULL,
  `stipend` smallint(6) DEFAULT NULL
) ENGINE=InnoDB DEFAULT CHARSET=latin1;

--
-- Dumping data for table `Crew`
--

INSERT INTO `Crew` (`person_id`, `hasPermanentAssignment`, `assignedProject`, `assignedSite`, `position`, `stipend`) VALUES
(500, 1, 'play', 'dray', 'Site Manager', 1000),
(501, 1, 'play', 'ham', 'Site Leader; Carpool Captain', 1500),
(502, 1, 'play', 'dray', 'Site Leader; Carpool Captain', 1500),
(503, 1, 'play', 'dray', 'Site Leader; Carpool Captain', 1500),
(504, 0, 'play', NULL, 'Carpool Captain', 500),
(505, 0, 'all', NULL, 'Carpool Captain', 500),
(506, 0, 'play', NULL, 'Carpool Captain', 500),
(507, 0, 'all', NULL, NULL, 500);

-- --------------------------------------------------------

--
-- Table structure for table `EmergencyContact`
--

CREATE TABLE `EmergencyContact` (
  `emerContact_id` int(11) NOT NULL,
  `firstName` varchar(50) NOT NULL,
  `lastName` varchar(100) NOT NULL,
  `email` varchar(100) NOT NULL,
  `phone` varchar(12) NOT NULL,
  `altPhone` varchar(12) DEFAULT NULL,
  `address` varchar(50) NOT NULL,
  `addressLineTwo` varchar(35) DEFAULT NULL,
  `city` varchar(35) NOT NULL,
  `state` varchar(2) NOT NULL,
  `zip` varchar(7) NOT NULL,
  `sendNewsletter` tinyint(1) NOT NULL
) ENGINE=InnoDB DEFAULT CHARSET=latin1;

-- --------------------------------------------------------

--
-- Table structure for table `LogisticsSchedule`
--

CREATE TABLE `LogisticsSchedule` (
  `carpoolSite_id` varchar(20) NOT NULL,
  `nwac` varchar(20) NOT NULL,
  `delray` varchar(20) NOT NULL,
  `cp` varchar(20) DEFAULT NULL,
  `ham` varchar(20) DEFAULT NULL,
  `flp` varchar(20) DEFAULT NULL,
  `patt` varchar(20) DEFAULT NULL,
  `stoe_1` varchar(20) DEFAULT NULL
) ENGINE=InnoDB DEFAULT CHARSET=latin1;

--
-- Dumping data for table `LogisticsSchedule`
--

INSERT INTO `LogisticsSchedule` (`carpoolSite_id`, `nwac`, `delray`, `cp`, `ham`, `flp`, `patt`, `stoe_1`) VALUES
('aa', '', '', 'cp', NULL, NULL, NULL, NULL),
('bf', 'nwac', '', NULL, 'ham', NULL, NULL, 'stoe_1'),
('brk', 'nwac', 'delray', NULL, NULL, NULL, NULL, NULL),
('gp', '', '', 'cp', NULL, NULL, NULL, 'stoe_1'),
('gro', '', 'delray', 'cp', NULL, 'flp', NULL, NULL),
('nf', 'nwac', 'delray', 'cp', NULL, NULL, NULL, 'stoe_1'),
('nv', '', 'delray', 'cp', 'ham', NULL, NULL, 'stoe_1'),
('troy', 'nwac', '', NULL, NULL, NULL, NULL, NULL);

-- --------------------------------------------------------

--
-- Table structure for table `Person`
--

CREATE TABLE `Person` (
  `person_id` int(11) NOT NULL,
  `firstName` varchar(50) NOT NULL,
  `lastName` varchar(100) NOT NULL,
  `isCrew` tinyint(1) NOT NULL DEFAULT '0',
  `primaryCarpool_id` varchar(40) DEFAULT NULL,
  `preferredProject` enum('paint','plant','play','all') NOT NULL DEFAULT 'all',
  `hasCar` tinyint(1) NOT NULL DEFAULT '0',
  `carMake` varchar(30) DEFAULT NULL,
  `numSeatbelts` tinyint(19) DEFAULT NULL,
  `imgUrl` varchar(5000) DEFAULT NULL
) ENGINE=InnoDB DEFAULT CHARSET=latin1;

--
-- Dumping data for table `Person`
--

INSERT INTO `Person` (`person_id`, `firstName`, `lastName`, `isCrew`, `primaryCarpool_id`, `preferredProject`, `hasCar`, `carMake`, `numSeatbelts`, `imgUrl`) VALUES
(1, 'Robbie', 'McCall', 0, 'ren', 'all', 0, '0', 0, '0'),
(2, 'Annie', 'Adams', 0, 'brk', 'all', 1, '0', 0, '0'),
(3, 'Airion', 'Talley', 0, 'gp', 'all', 0, '0', 0, '0'),
(4, 'Kenny', 'Eaton', 0, 'bf', 'all', 0, '0', 0, '0'),
(5, 'Brooke', 'Willard', 0, 'bf', 'all', 1, '0', 0, '0'),
(6, 'Mackinze', 'Likly', 0, 'gro', 'all', 1, '0', 0, '0'),
(7, 'Destiny', 'Dyer', 0, 'ren', 'all', 0, '0', 0, '0'),
(8, 'Alexis', 'Moss', 0, 'bf', 'all', 0, '0', 0, '0'),
(9, 'Ari', 'Yaker', 0, 'brk', 'all', 0, '0', 0, '0'),
(10, 'Noah ', 'Francis', 0, 'nf', 'all', 0, '0', 0, '0'),
(11, 'Madison', 'Bedsworth', 0, 'gp', 'all', 0, '0', 0, '0'),
(12, 'Maddie', 'Holcomb', 0, 'nf', 'all', 0, '0', 0, '0'),
(13, 'Katerina', 'Vicini', 0, 'nf', 'all', 0, '0', 0, '0'),
(14, 'Alexus', 'Jackson', 0, 'ren', 'all', 1, '0', 0, '0'),
(15, 'Sophie', 'Sawicki', 0, 'brk', 'all', 0, '0', 0, '0'),
(16, 'Morgan', 'Mobley', 0, 'troy', 'all', 1, '0', 0, '0'),
(17, 'Kathryn', 'Linnen', 0, 'gro', 'all', 0, '0', 0, '0'),
(18, 'Ariana', 'Handorf', 0, 'gro', 'all', 1, '0', 0, '0'),
(19, 'Nadia ', 'Mancini', 0, 'bf', 'all', 0, '0', 0, '0'),
(20, 'Maddi', 'D\'Angelo', 0, 'gro', 'all', 0, '0', 0, '0'),
(21, 'Lauryn', 'Cawthn', 0, 'gro', 'all', 0, '0', 0, '0'),
(22, 'Johari', 'Summerville', 0, 'nf', 'all', 0, '0', 0, '0'),
(23, 'Megan', 'Obear', 0, 'troy', 'all', 0, '0', 0, '0'),
(24, 'Gene', 'Chu', 0, 'nf', 'all', 0, '0', 0, '0'),
(25, 'Hannah', 'Kaplan', 0, 'nf', 'all', 0, '0', 0, '0'),
(26, 'Hannah', 'Sugar', 0, 'aa', 'all', 1, '0', 0, '0'),
(27, 'Ben', 'Goldman', 0, 'nf', 'all', 0, '0', 0, '0'),
(28, 'Amanda', 'Freeman', 0, 'nf', 'all', 0, '0', 0, '0'),
(29, 'Kate', 'Irwin', 0, 'gro', 'all', 1, '0', 0, '0'),
(30, 'Carolyn', 'Whittico', 0, 'ren', 'all', 1, '0', 0, '0'),
(31, 'natalie', 'Burt', 0, 'brk', 'all', 0, '0', 0, '0'),
(32, 'natalie', 'Burt', 0, 'brk', 'all', 0, '0', 0, '0'),
(33, 'Shannon', 'Robinson', 0, 'brk', 'all', 1, '0', 0, '0'),
(34, 'Irina ', 'Angeles', 0, 'nf', 'all', 0, '0', 0, '0'),
(35, 'Trip', 'Apley', 0, 'aa', 'all', 0, '0', 0, '0'),
(36, 'Courtney', 'Jones', 0, 'troy', 'all', 1, '0', 0, '0'),
(37, 'Katherine', 'Sain', 0, 'aa', 'all', 1, '0', 0, '0'),
(38, 'Gabrielle', 'Adams', 0, 'nf', 'all', 0, '0', 0, '0'),
(39, 'Samantha', 'Chambers', 0, 'gro', 'all', 0, '0', 0, '0'),
(40, 'Charlie', 'Peng', 0, 'troy', 'all', 0, '0', 0, '0'),
(41, 'Irina ', 'Angeles', 0, 'nf', 'all', 0, '0', 0, '0'),
(42, 'Savannah', 'Pfeffer', 0, 'troy', 'all', 1, '0', 0, '0'),
(43, 'Matthew', 'Zhang', 0, 'nf', 'all', 0, '0', 0, '0'),
(44, 'Riley', 'Sawicki', 0, 'brk', 'all', 0, '0', 0, '0'),
(45, 'Venkata', 'Chengalvala', 0, 'bf', 'all', 0, '0', 0, '0'),
(46, 'Makaila', 'Doggett', 0, 'brk', 'all', 0, '0', 0, '0'),
(47, 'aaron', 'klein', 0, 'bf', 'all', 0, '0', 0, '0'),
(48, 'Gannon', 'Spruit', 0, 'nv', 'all', 0, '0', 0, '0'),
(49, 'Treasure', 'Wilson', 0, 'ren', 'all', 0, '0', 0, '0'),
(50, 'Lauren', 'Carey', 0, 'brk', 'all', 0, '0', 0, '0'),
(51, 'Alex ', 'Kelso', 0, 'nv', 'all', 0, '0', 0, '0'),
(52, 'Roshell', 'Quarker', 0, 'nf', 'all', 0, '0', 0, '0'),
(53, 'Charlis', 'Thomas', 0, 'gro', 'all', 0, '0', 0, '0'),
(54, 'Parker', 'Dietrich', 0, 'nv', 'all', 0, '0', 0, '0'),
(55, 'Lydia', 'Gier', 0, 'nf', 'all', 1, '0', 0, '0'),
(56, 'Caroliine', 'Peash', 0, 'bf', 'all', 0, '0', 0, '0'),
(57, 'Karishma', 'Kumar', 0, 'troy', 'all', 1, '0', 0, '0'),
(58, 'Jimmy', 'Roberts', 0, 'nf', 'all', 0, '0', 0, '0'),
(59, 'Jasmine', 'Williams-Banks', 0, 'ren', 'all', 0, '0', 0, '0'),
(60, 'Ian', 'Pfeffer', 0, 'troy', 'all', 0, '0', 0, '0'),
(61, 'Alex', 'Kelso', 0, 'nv', 'all', 0, '0', 0, '0'),
(62, 'Brooke', 'Armstrong', 0, 'brk', 'all', 0, '0', 0, '0'),
(63, 'Christy', 'Battersby', 0, 'nv', 'all', 0, '0', 0, '0'),
(64, 'Melina', 'Varlamos', 0, 'nv', 'all', 0, '0', 0, '0'),
(65, 'Nadia', 'Sinishtaj', 0, 'nf', 'all', 0, '0', 0, '0'),
(66, 'Julia', 'Chase', 0, 'gro', 'all', 0, '0', 0, '0'),
(67, 'Tony', 'Rosasco', 0, 'troy', 'all', 0, '0', 0, '0'),
(68, 'robyn', 'hartzell', 0, 'troy', 'all', 0, '0', 0, '0'),
(69, 'D\'Asia ', 'McDonald ', 0, 'nf', 'all', 1, '0', 0, '0'),
(70, 'marche', 'ellis', 0, 'nv', 'all', 1, '0', 0, '0'),
(71, 'Bridget', 'Corwin', 0, 'gro', 'all', 0, '0', 0, '0'),
(72, 'Bridget', 'Corwin', 0, 'gro', 'all', 0, '0', 0, '0'),
(73, 'RACHEL', 'Dawson', 0, 'bf', 'all', 0, '0', 0, '0'),
(74, 'Mae', 'Mansky', 0, 'bf', 'all', 1, '0', 0, '0'),
(75, 'Niharika', 'Dantuluri', 0, 'troy', 'all', 0, '0', 0, '0'),
(76, 'zack', 'fisher', 0, 'bf', 'all', 1, '0', 0, '0'),
(77, 'Jalen ', 'Smith', 0, 'ren', 'all', 0, '0', 0, '0'),
(78, 'Kimberly', 'Lindberg', 0, 'nf', 'all', 1, '0', 0, '0'),
(79, 'Ren', 'Veasey', 0, 'bf', 'all', 1, '0', 0, '0'),
(80, 'Shavonne', 'Hogan', 0, 'bf', 'all', 0, '0', 0, '0'),
(81, 'Emma', 'Sznewajs', 0, 'gro', 'all', 0, '0', 0, '0'),
(82, 'Natascia', 'Leonardi', 0, 'gro', 'all', 0, '0', 0, '0'),
(83, 'Ankur ', 'Bansal', 0, 'nv', 'all', 0, '0', 0, '0'),
(84, 'Anthony', 'Nwagwu', 0, 'bf', 'all', 0, '0', 0, '0'),
(85, 'Tiffany', 'Ellison', 0, 'brk', 'all', 0, '0', 0, '0'),
(86, 'Anna', 'Elter', 0, 'bf', 'all', 1, '0', 0, '0'),
(87, 'Irina', 'Angeles', 0, 'nf', 'all', 0, '0', 0, '0'),
(88, 'haley', 'biehl', 0, 'gro', 'all', 0, '0', 0, '0'),
(89, 'Claire', 'Weller', 0, 'gro', 'all', 0, '0', 0, '0'),
(90, 'Julia', 'Halkey', 0, 'brk', 'all', 0, '0', 0, '0'),
(91, 'Malathi', 'Sripada', 0, 'nv', 'all', 0, '0', 0, '0'),
(92, 'Molly', 'Efros', 0, 'bf', 'all', 0, '0', 0, '0'),
(93, 'Jesse', 'Edelstein', 0, 'aa', 'all', 0, '0', 0, '0'),
(94, 'Oliver', 'Lardner', 0, 'gp', 'all', 0, '0', 0, '0'),
(95, 'Isabel', 'Little', 0, 'gro', 'all', 0, '0', 0, '0'),
(96, 'Claire', 'Roberge', 0, 'bf', 'all', 0, '0', 0, '0'),
(97, 'Serena', 'Hoost', 0, 'nf', 'all', 0, '0', 0, '0'),
(98, 'Apoorva', 'Akalankam', 0, 'troy', 'all', 0, '0', 0, '0'),
(99, 'Peregrine', 'Burns', 0, 'nv', 'all', 0, '0', 0, '0'),
(100, 'Blake', 'Ely', 0, 'nf', 'all', 1, '0', 0, '0'),
(101, 'Mae', 'Mansky', 0, 'bf', 'all', 1, '0', 0, '0'),
(102, 'Rithik', 'Aggarwal', 0, 'gro', 'all', 0, '0', 0, '0'),
(103, 'Nick', 'Joseph', 0, 'brk', 'all', 0, '0', 0, '0'),
(104, 's', 's', 0, 'gro', 'all', 0, '0', 0, '0'),
(105, 'Nandita ', 'Gupta', 0, 'troy', 'all', 0, '0', 0, '0'),
(106, 'Amit', 'Das', 0, 'ren', 'all', 0, '0', 0, '0'),
(107, 'Owen', 'Becker', 0, 'nv', 'all', 0, '0', 0, '0'),
(108, 'Amelia', 'Berry', 0, 'gro', 'all', 0, '0', 0, '0'),
(109, 'Insiya ', 'Burhani', 0, 'nv', 'all', 0, '0', 0, '0'),
(110, 'Tracy ', 'Ellison', 0, 'brk', 'all', 0, '0', 0, '0'),
(111, 'Richard ', 'Winston ', 0, 'ren', 'all', 1, '0', 0, '0'),
(112, 'Charlotte', 'Duus', 0, 'gp', 'all', 0, '0', 0, '0'),
(113, 'Jaclyn', 'Morganroth', 0, 'gro', 'all', 0, '0', 0, '0'),
(114, 'Angela', 'Wang', 0, 'troy', 'all', 0, '0', 0, '0'),
(115, 'Anna', 'Croley', 0, 'aa', 'all', 1, '0', 0, '0'),
(116, 'Morgan', 'King', 0, 'bf', 'all', 0, '0', 0, '0'),
(117, 'Oliver', 'Lardner', 0, 'gp', 'all', 1, '0', 0, '0'),
(118, 'Janiya', 'frank-cain', 0, 'ren', 'all', 0, '0', 0, '0'),
(119, 'Diego', 'Navarrete', 0, 'ren', 'all', 0, '0', 0, '0'),
(120, 'keyana', 'Jackson', 0, 'ren', 'all', 0, '0', 0, '0'),
(121, 'Carly', 'Cooepr', 0, 'brk', 'all', 0, '0', 0, '0'),
(122, 'Carly', 'Cooper', 0, 'brk', 'all', 0, '0', 0, '0'),
(123, 'Sydney ', 'Still ', 0, 'bf', 'all', 0, '0', 0, '0'),
(124, 'Kylie', 'VanLoo', 0, 'nv', 'all', 1, '0', 0, '0'),
(125, 'Eleanor', 'Dunckel', 0, 'brk', 'all', 0, '0', 0, '0'),
(126, 'megan', 'boniface', 0, 'bf', 'all', 0, '0', 0, '0'),
(127, 'Dale(Trip)', 'Apley', 0, 'aa', 'all', 0, '0', 0, '0'),
(128, 'Briana', 'Parker', 0, 'bf', 'all', 1, '0', 0, '0'),
(129, 'Maria', 'Pizzo', 0, 'nf', 'all', 0, '0', 0, '0'),
(130, 'Natalie', 'Iles', 0, 'troy', 'all', 0, '0', 0, '0'),
(131, 'Terrell', 'Payne', 0, 'bf', 'all', 0, '0', 0, '0'),
(132, 'Natalie', 'Jackson', 0, 'gro', 'all', 1, '0', 0, '0'),
(133, 'Sarah', 'McConville', 0, 'nv', 'all', 0, '0', 0, '0'),
(134, 'Jessica', 'Pike', 0, 'troy', 'all', 1, '0', 0, '0'),
(135, 'Dane', 'Collins', 0, 'troy', 'all', 0, '0', 0, '0'),
(136, 'Madison', 'Reckker', 0, 'troy', 'all', 1, '0', 0, '0'),
(137, 'Allie', 'Lobbia', 0, 'nv', 'all', 1, '0', 0, '0'),
(138, 'Alex', 'McKeen', 0, 'bf', 'all', 0, '0', 0, '0'),
(139, 'Alex', 'McKeen', 0, 'bf', 'all', 0, '0', 0, '0'),
(140, 'Reena', 'Jankowski', 0, 'nv', 'all', 0, '0', 0, '0'),
(141, 'Alaina', 'McKeen', 0, 'bf', 'all', 0, '0', 0, '0'),
(142, 'Catherine ', 'Best', 0, 'gro', 'all', 0, '0', 0, '0'),
(143, 'Grant', 'Hurt', 0, 'troy', 'all', 0, '0', 0, '0'),
(144, 'Claire', 'Johnston', 0, 'gro', 'all', 1, '0', 0, '0'),
(145, 'LaTonia', 'Hasan', 0, 'ren', 'all', 0, '0', 0, '0'),
(146, 'Lily', 'Mullany', 0, 'gro', 'all', 1, '0', 0, '0'),
(147, 'Jasmine', 'Butler', 0, 'nf', 'all', 0, '0', 0, '0'),
(148, 'Sandra', 'Abbo', 0, 'troy', 'all', 1, '0', 0, '0'),
(149, 'Meredith', 'Sims', 0, 'nf', 'all', 0, '0', 0, '0'),
(150, 'Elise', 'Cooper', 0, 'nf', 'all', 0, '0', 0, '0'),
(151, 'Jannel ', 'Simon', 0, 'bf', 'all', 0, '0', 0, '0'),
(152, 'Eliana', 'D\'Addezio', 0, 'bf', 'all', 0, '0', 0, '0'),
(153, 'Lyndsey ', 'Cooper', 0, 'nf', 'all', 0, '0', 0, '0'),
(154, 'Grace', 'Work', 0, 'gro', 'all', 0, '0', 0, '0'),
(155, 'Maddie', 'Mustion', 0, 'bf', 'all', 1, '0', 0, '0'),
(156, 'Noah', 'Harvey', 0, 'nf', 'all', 0, '0', 0, '0'),
(157, 'Drew', 'Simpson', 0, 'brk', 'all', 0, '0', 0, '0'),
(158, 'Kailyn', 'Uddyback ', 0, 'ren', 'all', 0, '0', 0, '0'),
(159, 'Tylar', 'Bennett', 0, 'gro', 'all', 0, '0', 0, '0'),
(160, 'Anna', 'Croley', 0, 'aa', 'all', 1, '0', 0, '0'),
(161, 'Aidan', 'Madden', 0, 'brk', 'all', 0, '0', 0, '0'),
(162, 'Camryn', 'Burks', 0, 'bf', 'all', 0, '0', 0, '0'),
(163, 'Aiden', 'Tomsich', 0, 'brk', 'all', 0, '0', 0, '0'),
(164, 'Brett', 'Somerville', 0, 'nv', 'all', 0, '0', 0, '0'),
(165, 'Jacob', 'Auerbach', 0, 'brk', 'all', 0, '0', 0, '0'),
(166, 'Insiya ', 'Burhani', 0, 'nv', 'all', 0, '0', 0, '0'),
(167, 'Eve ', 'Voci', 0, 'gp', 'all', 1, '0', 0, '0'),
(168, 'ritvik', 'choudhuri', 0, 'nf', 'all', 0, '0', 0, '0'),
(169, 'Raina', 'Choudhuri', 0, 'nf', 'all', 0, '0', 0, '0'),
(170, 'Jacob', 'Weitzman', 0, 'bf', 'all', 0, '0', 0, '0'),
(171, 'Sophie', 'Sawicki', 0, 'brk', 'all', 0, '0', 0, '0'),
(172, 'Alexa', 'Nicholson', 0, 'bf', 'all', 0, '0', 0, '0'),
(173, 'Anthony', 'Nwagwu', 0, 'bf', 'all', 0, '0', 0, '0'),
(174, 'Kayla', 'Ewing', 0, 'nf', 'all', 1, '0', 0, '0'),
(175, 'Emma', 'Stahl', 0, 'brk', 'all', 0, '0', 0, '0'),
(176, 'Henry', 'Kelly', 0, 'brk', 'all', 0, '0', 0, '0'),
(177, 'Bria', 'Morrison', 0, 'nf', 'all', 1, '0', 0, '0'),
(178, 'Nikita', 'Felch', 0, 'gro', 'all', 1, '0', 0, '0'),
(179, 'Carmella', 'Bate', 0, 'gp', 'all', 1, '0', 0, '0'),
(180, 'Grace', 'Sherbin', 0, 'gro', 'all', 1, '0', 0, '0'),
(181, 'Kaitlyn', 'Ringe', 0, 'brk', 'all', 1, '0', 0, '0'),
(182, 'Anna', 'Ciesinski', 0, 'aa', 'all', 0, '0', 0, '0'),
(183, 'Alexander', 'Moyski', 0, 'nv', 'all', 0, '0', 0, '0'),
(184, 'Nicholas', 'Danna', 0, 'gp', 'all', 0, '0', 0, '0'),
(185, 'Pranathi', 'Locula', 0, 'troy', 'all', 0, '0', 0, '0'),
(186, 'Emma ', 'Dietrich', 0, 'nv', 'all', 0, '0', 0, '0'),
(187, 'Rosalie ', 'Stief', 0, 'brk', 'all', 0, '0', 0, '0'),
(188, 'Mihika', 'Aedla', 0, 'troy', 'all', 0, '0', 0, '0'),
(189, 'Logan', 'Lopus', 0, 'nf', 'all', 0, '0', 0, '0'),
(190, 'Grace', 'Scott', 0, 'gp', 'all', 1, '0', 0, '0'),
(191, 'Trajan', 'Bankston', 0, 'ren', 'all', 0, '0', 0, '0'),
(192, 'Steven ', 'Phan', 0, 'troy', 'all', 1, '0', 0, '0'),
(193, 'Marisa', 'Siwicki', 0, 'nv', 'all', 1, '0', 0, '0'),
(194, 'Abby', 'VanHaitsma', 0, 'brk', 'all', 0, '0', 0, '0'),
(195, 'Natalia', 'Soss', 0, 'nv', 'all', 0, '0', 0, '0'),
(196, 'Keri', 'Zhang', 0, 'troy', 'all', 0, '0', 0, '0'),
(197, 'Melissa', 'Zhang', 0, 'troy', 'all', 0, '0', 0, '0'),
(198, 'Sydney ', 'Pierce', 0, 'bf', 'all', 0, '0', 0, '0'),
(199, 'Paige', 'Pierce', 0, 'bf', 'all', 0, '0', 0, '0'),
(200, 'Tori', 'Dedo', 0, 'bf', 'all', 0, '0', 0, '0'),
(201, 'Ashley', 'Nihem', 0, 'gp', 'all', 1, '0', 0, '0'),
(202, 'Dominic', 'Yee', 0, 'bf', 'all', 0, '0', 0, '0'),
(203, 'Gabrielle', 'Tenbusch', 0, 'nv', 'all', 0, '0', 0, '0'),
(204, 'adam', 'nowak', 0, 'nv', 'all', 1, '0', 0, '0'),
(205, 'Owen', 'Munk', 0, 'brk', 'all', 0, '0', 0, '0'),
(206, 'Gabby', 'Granata', 0, 'gro', 'all', 0, '0', 0, '0'),
(207, 'Lauren ', 'Fleckenstein', 0, 'gp', 'all', 0, '0', 0, '0'),
(208, 'Piper ', 'Eschenburg', 0, 'gp', 'all', 0, '0', 0, '0'),
(209, 'CJ ', 'Crow', 0, 'gp', 'all', 0, '0', 0, '0'),
(210, 'Alexandra', 'Thomas', 0, 'brk', 'all', 0, '0', 0, '0'),
(211, 'Hannah', 'Reed', 0, 'bf', 'all', 1, '0', 0, '0'),
(212, 'Allison', 'UNger', 0, 'gro', 'all', 0, '0', 0, '0'),
(213, 'Natalie', 'Perkins', 0, 'bf', 'all', 1, '0', 0, '0'),
(214, 'Erika', 'Yellen', 0, 'nf', 'all', 0, '0', 0, '0'),
(215, 'Hallie', 'Bernstein', 0, 'nf', 'all', 0, '0', 0, '0'),
(216, 'Emma', 'Ristau', 0, 'brk', 'all', 0, '0', 0, '0'),
(217, 'Joshua', 'Nolen', 0, 'ren', 'all', 0, '0', 0, '0'),
(218, 'Abbey', 'Schuetze', 0, 'gp', 'all', 1, '0', 0, '0'),
(219, 'Bella', 'Tertzag', 0, 'bf', 'all', 0, '0', 0, '0'),
(220, 'Arpit', 'Agarwal', 0, 'troy', 'all', 0, '0', 0, '0'),
(221, 'Allison', 'Lapinski', 0, 'bf', 'all', 0, '0', 0, '0'),
(222, 'Alix', 'Fleig', 0, 'gp', 'all', 0, '0', 0, '0'),
(223, 'kelly', 'shashlo', 0, 'nv', 'all', 0, '0', 0, '0'),
(224, 'Omar', 'Hasan II', 0, 'ren', 'all', 0, '0', 0, '0'),
(225, 'romane', 'Betend', 0, 'bf', 'all', 0, '0', 0, '0'),
(226, 'Dante', 'Costantini', 0, 'bf', 'all', 0, '0', 0, '0'),
(227, 'Hannah', 'Roegner', 0, 'brk', 'all', 0, '0', 0, '0'),
(228, 'ABBEY', 'ROEGNER', 0, 'brk', 'all', 0, '0', 0, '0'),
(229, 'Abby', 'Reisen', 0, 'gp', 'all', 1, '0', 0, '0'),
(230, 'Zahra', 'Hussain', 0, 'nv', 'all', 0, '0', 0, '0'),
(231, 'Paula', 'Qefaliaj', 0, 'nf', 'all', 0, '0', 0, '0'),
(232, 'joseph', 'allen', 0, 'brk', 'all', 0, '0', 0, '0'),
(233, 'Jack', 'Schuster', 0, 'bf', 'all', 0, '0', 0, '0'),
(234, 'Helen', 'Yang', 0, 'nv', 'all', 0, '0', 0, '0'),
(235, 'Serena', 'Senawi', 0, 'nf', 'all', 0, '0', 0, '0'),
(236, 'Izabela', 'Martini', 0, 'nf', 'all', 0, '0', 0, '0'),
(237, 'Talya', 'Dovas', 0, 'brk', 'all', 0, '0', 0, '0'),
(238, 'kendell', 'lewis', 0, 'bf', 'all', 0, '0', 0, '0'),
(239, 'ken', 'lew', 0, 'bf', 'all', 0, '0', 0, '0'),
(240, 'Luke', 'Seaman', 0, 'bf', 'all', 0, '0', 0, '0'),
(241, 'Eli', 'McCourt', 0, 'bf', 'all', 0, '0', 0, '0'),
(242, 'Aarya', 'Menon', 0, 'nv', 'all', 0, '0', 0, '0'),
(243, 'Jenna ', 'Jagst', 0, 'nv', 'all', 0, '0', 0, '0'),
(244, 'Kenny', 'Eaton', 0, 'bf', 'all', 0, '0', 0, '0'),
(245, 'aurora', 'nash', 0, 'gro', 'all', 0, '0', 0, '0'),
(246, 'Caitlin', 'Aldred', 0, 'gro', 'all', 1, '0', 0, '0'),
(247, 'Laurie', 'Clayton', 0, 'nv', 'all', 0, '0', 0, '0'),
(248, 'Makayla', 'Stewart', 0, 'nf', 'all', 0, '0', 0, '0'),
(249, 'Grant', 'Miller', 0, 'troy', 'all', 0, '0', 0, '0'),
(250, 'chelsea', 'dyer', 0, 'nf', 'all', 1, '0', 0, '0'),
(251, 'Maddie', 'Holcomb', 0, 'nf', 'all', 0, '0', 0, '0'),
(252, 'Maddie', 'Holcomb', 0, 'nf', 'all', 0, '0', 0, '0'),
(253, 'Jennifer', 'Fealk', 0, 'bf', 'all', 0, '0', 0, '0'),
(254, 'Kate', 'Mollison', 0, 'gp', 'all', 0, '0', 0, '0'),
(255, 'Wesley', 'Reed', 0, 'bf', 'all', 0, '0', 0, '0'),
(256, 'Emma', 'Tomsich', 0, 'brk', 'all', 0, '0', 0, '0'),
(257, 'Arabia', 'Bey', 0, 'ren', 'all', 0, '0', 0, '0'),
(258, 'Dalia', 'Wilson-Welsh', 0, 'brk', 'all', 0, '0', 0, '0'),
(259, 'Brianna', 'Buchanan', 0, 'ren', 'all', 0, '0', 0, '0'),
(260, 'Andreya', 'Ware', 0, 'ren', 'all', 0, '0', 0, '0'),
(261, 'Amy', 'Morgan', 0, 'ren', 'all', 0, '0', 0, '0'),
(262, 'Katie', 'Carene', 0, 'gp', 'all', 1, '0', 0, '0'),
(263, 'Cydni ', 'Bonds', 0, 'ren', 'all', 0, '0', 0, '0'),
(264, 'Gillian', 'Graham', 0, 'gp', 'all', 1, '0', 0, '0'),
(265, 'Audrey', 'Ladd', 0, 'gro', 'all', 0, '0', 0, '0'),
(266, 'Zena ', 'Alsaraf', 0, 'troy', 'all', 1, '0', 0, '0'),
(267, 'Pia', 'Campbell', 0, 'gro', 'all', 1, '0', 0, '0'),
(268, 'Danielle', 'Brennan', 0, 'gro', 'all', 0, '0', 0, '0'),
(269, 'Anusha', 'Mamidipaka', 0, 'nv', 'all', 0, '0', 0, '0'),
(270, 'Bharath', 'Mamidipaka', 0, 'nv', 'all', 0, '0', 0, '0'),
(271, 'Ellie', 'Apap', 0, 'bf', 'all', 0, '0', 0, '0'),
(272, 'Olivia', 'Allam', 0, 'nv', 'all', 0, '0', 0, '0'),
(273, 'Josephina', 'Allam', 0, 'nv', 'all', 0, '0', 0, '0'),
(274, 'Annie', 'Bruce', 0, 'troy', 'all', 0, '0', 0, '0'),
(275, 'Mackenzie', 'Simon', 0, 'gp', 'all', 0, '0', 0, '0'),
(276, 'Destane', 'Fly ', 0, 'bf', 'all', 1, '0', 0, '0'),
(277, 'Dakiesha', 'Thomas', 0, 'ren', 'all', 0, '0', 0, '0'),
(278, 'Megan', 'Gauger', 0, 'aa', 'all', 0, '0', 0, '0'),
(279, 'Sydney', 'Petoskey', 0, 'bf', 'all', 0, '0', 0, '0'),
(280, 'Grace', 'Debono', 0, 'bf', 'all', 0, '0', 0, '0'),
(281, 'Amyre', 'Brandom', 0, 'gro', 'all', 1, '0', 0, '0'),
(282, 'Emma', 'Russell', 0, 'gp', 'all', 1, '0', 0, '0'),
(283, 'Marcus', 'Badgett', 0, 'ren', 'all', 0, '0', 0, '0'),
(284, 'Eli', 'Hurwitz', 0, 'brk', 'all', 0, '0', 0, '0'),
(285, 'Maria', 'Yousif', 0, 'bf', 'all', 0, '0', 0, '0'),
(286, 'Sonny', 'Mulpuri', 0, 'gp', 'all', 0, '0', 0, '0'),
(287, 'Anvita', 'Sunejq', 0, 'nf', 'all', 0, '0', 0, '0'),
(288, 'Anvita', 'Suneja', 0, 'nf', 'all', 0, '0', 0, '0'),
(289, 'Tumusiime', 'Norah Daniella', 0, 'gro', 'all', 0, '0', 0, '0'),
(290, 'Brennen', 'Buszka', 0, 'gp', 'all', 1, '0', 0, '0'),
(291, 'bella', 'urban', 0, 'bf', 'all', 0, '0', 0, '0'),
(292, 'Natalie', 'Bigelow', 0, 'bf', 'all', 1, '0', 0, '0'),
(293, 'Adam', 'Van Osdol', 0, 'gp', 'all', 1, '0', 0, '0'),
(294, 'Jordan ', 'Pollitt', 0, 'nv', 'all', 0, '0', 0, '0'),
(295, 'Jordan ', 'Pollitt', 0, 'nv', 'all', 0, '0', 0, '0'),
(296, 'Parth', 'Pandit', 0, 'nf', 'all', 0, '0', 0, '0'),
(297, 'Boyd', 'Gabrielle', 0, 'aa', 'all', 0, '0', 0, '0'),
(298, 'Maren', 'Roeske', 0, 'gp', 'all', 0, '0', 0, '0'),
(299, 'Hannah', 'McGraw', 0, 'gro', 'all', 0, '0', 0, '0'),
(300, 'bella', 'urban', 0, 'nf', 'all', 1, '0', 0, '0'),
(301, 'Shayna', 'Jankowski', 0, 'nv', 'all', 0, '0', 0, '0'),
(302, 'Alyssa', 'Crandell', 0, 'ren', 'all', 0, '0', 0, '0'),
(303, 'Maria', 'Ahern', 0, 'nf', 'all', 1, '0', 0, '0'),
(304, 'Zach', 'Buvalic', 0, 'gro', 'all', 0, '0', 0, '0'),
(305, 'Ria', 'Patel', 0, 'troy', 'all', 1, '0', 0, '0'),
(306, 'Kristina', 'Dawood', 0, 'nf', 'all', 0, '0', 0, '0'),
(307, 'matisse', 'swartz', 0, 'nf', 'all', 1, '0', 0, '0'),
(308, 'Daryl', 'Nykiel', 0, 'brk', 'all', 1, '0', 0, '0'),
(309, 'Zoe ', 'Weil', 0, 'nf', 'all', 0, '0', 0, '0'),
(310, 'Marisa', 'Kenyon', 0, 'nv', 'all', 1, '0', 0, '0'),
(311, 'Trinity', 'Smith', 0, 'nf', 'all', 1, '0', 0, '0'),
(312, 'jordan', 'Bradley', 0, 'gro', 'all', 1, '0', 0, '0'),
(313, 'Olivia', 'Urdiales', 0, 'nf', 'all', 0, '0', 0, '0'),
(314, 'Skylar', 'Reynolds', 0, 'ren', 'all', 0, '0', 0, '0'),
(315, 'Grace', 'Guise', 0, 'gro', 'all', 0, '0', 0, '0'),
(316, 'Devon', 'Dulan', 0, 'gro', 'all', 0, '0', 0, '0'),
(317, 'Paris', 'Rollins', 0, 'aa', 'all', 1, '0', 0, '0'),
(318, 'James', 'Battaglia', 0, 'troy', 'all', 0, '0', 0, '0'),
(319, 'Alex', 'Harring', 0, 'gp', 'all', 0, '0', 0, '0'),
(320, 'Elizabeth', 'Mantha', 0, 'brk', 'all', 1, '0', 0, '0'),
(321, 'Gabby', 'Lincoln', 0, 'bf', 'all', 0, '0', 0, '0'),
(322, 'Grace', 'Bontrager', 0, 'brk', 'all', 0, '0', 0, '0'),
(323, 'Grace', 'Bontrager', 0, 'brk', 'all', 0, '0', 0, '0'),
(324, 'Stephanie ', 'Schervish', 0, 'gp', 'all', 0, '0', 0, '0'),
(325, 'Brendan', 'Bontrager', 0, 'brk', 'all', 0, '0', 0, '0'),
(326, 'Stephan', 'Hodge', 0, 'bf', 'all', 0, '0', 0, '0'),
(327, 'Dylan', 'Bolton', 0, 'bf', 'all', 0, '0', 0, '0'),
(328, 'Kayli', 'Johnson', 0, 'gp', 'all', 1, '0', 0, '0'),
(329, 'Priscilla', 'Pinchem', 0, 'aa', 'all', 0, '0', 0, '0'),
(330, 'Natalie ', 'Perkins', 0, 'bf', 'all', 0, '0', 0, '0'),
(331, 'Priscilla', 'Pinchem', 0, 'aa', 'all', 0, '0', 0, '0'),
(332, 'Grace', 'Khouri', 0, 'troy', 'all', 0, '0', 0, '0'),
(333, 'Gabrielle', 'Bright', 0, 'bf', 'all', 0, '0', 0, '0'),
(334, 'Chace', 'Gardner', 0, 'nf', 'all', 0, '0', 0, '0'),
(335, 'Racquel', 'Bright', 0, 'bf', 'all', 0, '0', 0, '0'),
(336, 'Andrew', 'He', 0, 'nf', 'all', 0, '0', 0, '0'),
(337, 'Victoria', 'He', 0, 'nf', 'all', 0, '0', 0, '0'),
(338, 'makayla', 'dunn', 0, 'gro', 'all', 1, '0', 0, '0'),
(339, 'Hanna', 'Christensen', 0, 'troy', 'all', 1, '0', 0, '0'),
(340, 'Jon', 'Campbell', 0, 'brk', 'all', 0, '0', 0, '0'),
(341, 'Tiffany', 'Harris', 0, 'bf', 'all', 1, '0', 0, '0'),
(342, 'Feber', 'Gabrielle', 0, 'brk', 'all', 0, '0', 0, '0'),
(343, 'Sydney', 'Parker', 0, 'gro', 'all', 1, '0', 0, '0'),
(344, 'Maddie', 'MacConnachie', 0, 'gp', 'all', 0, '0', 0, '0'),
(345, 'Madison', 'Delas', 0, 'gp', 'all', 1, '0', 0, '0'),
(346, 'Maddie', 'Macconnachie', 0, 'gp', 'all', 0, '0', 0, '0'),
(347, 'Madison', 'Delas', 0, 'gp', 'all', 1, '0', 0, '0'),
(348, 'Luke ', 'Cerone', 0, 'brk', 'all', 0, '0', 0, '0'),
(349, 'Joey', 'Mitrzyk', 0, 'nv', 'all', 1, '0', 0, '0'),
(350, 'Lukas ', 'Cusac', 0, 'bf', 'all', 0, '0', 0, '0'),
(351, 'Meghana', 'Gudapati', 0, 'nf', 'all', 0, '0', 0, '0'),
(352, 'Daolin', 'Qiu', 0, 'nv', 'all', 0, '0', 0, '0'),
(353, 'Nathan', 'Raymant', 0, 'gp', 'all', 0, '0', 0, '0'),
(354, 'Jacob', 'Bolton', 0, 'gp', 'all', 0, '0', 0, '0'),
(355, 'stephanie ', 'roy', 0, 'gp', 'all', 1, '0', 0, '0'),
(356, 'Evan', 'Kolin', 0, 'bf', 'all', 0, '0', 0, '0'),
(357, 'Amelia ', 'Armstrong', 0, 'brk', 'all', 0, '0', 0, '0'),
(358, 'Shawn', 'Wilson', 0, 'brk', 'all', 0, '0', 0, '0'),
(359, 'Zahira', 'Malik', 0, 'nf', 'all', 0, '0', 0, '0'),
(360, 'Tatum', 'Kreindler', 0, 'gro', 'all', 0, '0', 0, '0'),
(361, 'Wesley', 'Reed', 0, 'bf', 'all', 0, '0', 0, '0'),
(362, 'Sophia', 'Jozwiak', 0, 'nf', 'all', 0, '0', 0, '0'),
(363, 'Zachary ', 'Gusho', 0, 'gro', 'all', 0, '0', 0, '0'),
(364, 'betty', 'Gusho', 0, 'gro', 'all', 0, '0', 0, '0'),
(365, 'Fizza', 'Ahmed', 0, 'nv', 'all', 0, '0', 0, '0'),
(366, 'Stephanie', 'Howay', 0, 'troy', 'all', 1, '0', 0, '0'),
(367, 'Katie', 'Cutcher', 0, 'nf', 'all', 0, '0', 0, '0'),
(368, 'Tatum', 'Kreindler', 0, 'gro', 'all', 0, '0', 0, '0'),
(369, 'Jacquelyn', 'Tindall', 0, 'troy', 'all', 1, '0', 0, '0'),
(370, 'Nikolas', 'DiQuarto', 0, 'brk', 'all', 0, '0', 0, '0'),
(371, 'Rosie', 'Lea', 0, 'nf', 'all', 0, '0', 0, '0'),
(372, 'Aaron', 'Finnorn', 0, 'bf', 'all', 0, '0', 0, '0'),
(373, 'Bryce', 'Ruth ruff', 0, 'troy', 'all', 0, '0', 0, '0'),
(374, 'Max', 'Hazen', 0, 'brk', 'all', 0, '0', 0, '0'),
(375, 'Mia', 'Hannawa', 0, 'bf', 'all', 0, '0', 0, '0'),
(376, 'Mia', 'Hannawa', 0, 'bf', 'all', 0, '0', 0, '0'),
(377, 'Jacob', 'Hannawa', 0, 'bf', 'all', 0, '0', 0, '0'),
(378, 'Brandon', 'Hannawa', 0, 'bf', 'all', 1, '0', 0, '0'),
(379, 'Taylor', 'Williams', 0, 'bf', 'all', 0, '0', 0, '0'),
(380, 'Jackson', 'Jozwiak', 0, 'nf', 'all', 0, '0', 0, '0'),
(381, 'Pooja', 'Kapadia', 0, 'nf', 'all', 0, '0', 0, '0'),
(382, 'Catherine', 'Glazier', 0, 'gp', 'all', 0, '0', 0, '0'),
(383, 'Shawn', 'Jande', 0, 'troy', 'all', 0, '0', 0, '0'),
(384, 'Lyrc', 'Sykes', 0, 'bf', 'all', 0, '0', 0, '0'),
(385, 'Bridget ', 'Paulon', 0, 'bf', 'all', 0, '0', 0, '0'),
(386, 'Lucas', 'Schodowski', 0, 'brk', 'all', 0, '0', 0, '0'),
(387, 'Jorden', 'Richards', 0, 'ren', 'all', 0, '0', 0, '0'),
(388, 'Briana', 'Parker', 0, 'bf', 'all', 1, '0', 0, '0'),
(389, 'Daniel', 'murvar', 0, 'bf', 'all', 0, '0', 0, '0'),
(390, 'Mithil', 'Gudi', 0, 'troy', 'all', 0, '0', 0, '0'),
(391, 'Brad', 'Geist', 0, 'gp', 'all', 0, '0', 0, '0'),
(392, 'Abby', 'Seifman', 0, 'gro', 'all', 0, '0', 0, '0'),
(393, 'Delaney', 'Langdon', 0, 'gro', 'all', 0, '0', 0, '0'),
(394, 'Dane ', 'Collins', 0, 'troy', 'all', 0, '0', 0, '0'),
(395, 'Livvy', 'Wiegel', 0, 'gro', 'all', 0, '0', 0, '0'),
(396, 'Pratik', 'Vadlamudi', 0, 'nv', 'all', 0, '0', 0, '0'),
(397, 'Rachel', 'Frohriep', 0, 'nf', 'all', 1, '0', 0, '0'),
(398, 'Isaiah', 'Zeigler', 0, 'ren', 'all', 0, '0', 0, '0'),
(399, 'Liz', 'Bigham', 0, 'gp', 'all', 0, '0', 0, '0'),
(400, 'Phoebe', 'Miriani', 0, 'gp', 'all', 0, '0', 0, '0'),
(401, 'Natalie', 'Albaran', 0, 'bf', 'all', 0, '0', 0, '0'),
(402, 'Skylar ', 'Reynolds', 0, 'ren', 'all', 0, '0', 0, '0'),
(403, 'Sydney ', 'Huston', 0, 'bf', 'all', 0, '0', 0, '0'),
(404, 'Kaitlyn', 'Roman', 0, 'bf', 'all', 0, '0', 0, '0'),
(405, 'Kailee', 'Kingston', 0, 'aa', 'all', 0, '0', 0, '0'),
(406, 'Maggie', 'Stutz', 0, 'troy', 'all', 0, '0', 0, '0'),
(407, 'Natalie', 'Jackson', 0, 'gro', 'all', 1, '0', 0, '0'),
(408, 'Ari', 'Yaker', 0, 'brk', 'all', 0, '0', 0, '0'),
(409, 'Vignesh', 'Nalliah', 0, 'bf', 'all', 0, '0', 0, '0'),
(410, 'Elana', 'Zingas', 0, 'gp', 'all', 0, '0', 0, '0'),
(411, 'Summer', 'King', 0, 'brk', 'all', 0, '0', 0, '0'),
(412, 'Fatema', 'Saifuddin ', 0, 'gp', 'all', 0, '0', 0, '0'),
(413, 'Samantha', 'Imalele', 0, 'nv', 'all', 0, '0', 0, '0'),
(414, 'Halie ', 'Robinson', 0, 'brk', 'all', 0, '0', 0, '0'),
(415, 'lauren', 'camaj', 0, 'bf', 'all', 0, '0', 0, '0'),
(416, 'Sophia', 'Rzankowski', 0, 'gp', 'all', 0, '0', 0, '0'),
(417, 'Mitchell', 'Blackman', 0, 'nf', 'all', 0, '0', 0, '0'),
(418, 'Kristin', 'Davis', 0, 'bf', 'all', 0, '0', 0, '0'),
(419, 'Matthew', 'Blackman', 0, 'nf', 'all', 0, '0', 0, '0'),
(420, 'Malik', 'Salman', 0, 'bf', 'all', 0, '0', 0, '0'),
(421, 'Meg', 'Veryser', 0, 'brk', 'all', 0, '0', 0, '0'),
(422, 'Erika', 'Greiffenstein', 0, 'bf', 'all', 0, '0', 0, '0'),
(423, 'Destiny', 'Agomuoh', 0, 'nf', 'all', 0, '0', 0, '0'),
(424, 'Aram', 'Gibson', 0, 'aa', 'all', 1, '0', 0, '0'),
(425, 'Kameron', 'Johnson', 0, 'bf', 'all', 1, '0', 0, '0'),
(426, 'Anastasia', 'Goldbaum', 0, 'bf', 'all', 0, '0', 0, '0'),
(427, 'Brett', 'Barr', 0, 'bf', 'all', 0, '0', 0, '0'),
(428, 'Alise', 'Carr', 0, 'nf', 'all', 0, '0', 0, '0'),
(429, 'Skylar', 'Raitt', 0, 'bf', 'all', 0, '0', 0, '0'),
(430, 'Aroon ', 'Prabhu', 0, 'gro', 'all', 0, '0', 0, '0'),
(431, 'Jayden ', 'Raitt', 0, 'bf', 'all', 0, '0', 0, '0'),
(432, 'Michael', 'Lau', 0, 'bf', 'all', 0, '0', 0, '0'),
(433, 'Katie', 'Solomon', 0, 'gp', 'all', 1, '0', 0, '0'),
(434, 'Jasmine', 'Carter', 0, 'nf', 'all', 0, '0', 0, '0'),
(435, 'Michael', 'Lau', 0, 'bf', 'all', 0, '0', 0, '0'),
(436, 'Keely', 'Cruse', 0, 'gp', 'all', 0, '0', 0, '0'),
(437, 'Marissa', 'Goudeseune', 0, 'nf', 'all', 0, '0', 0, '0'),
(438, 'Paula', 'Morales', 0, 'ren', 'all', 0, '0', 0, '0'),
(439, 'Gracey', 'Bennett Carpenter', 0, 'bf', 'all', 0, '0', 0, '0'),
(440, 'marcus', 'frankel', 0, 'brk', 'all', 0, '0', 0, '0'),
(441, 'marcus', 'frankel', 0, 'brk', 'all', 0, '0', 0, '0'),
(442, 'Jacob', 'King', 0, 'bf', 'all', 0, '0', 0, '0'),
(443, 'Lamyra ', 'Culver', 0, 'ren', 'all', 0, '0', 0, '0'),
(444, 'Sekar ', 'Parks ', 0, 'ren', 'all', 0, '0', 0, '0'),
(445, 'Terrell', 'Payne', 0, 'gp', 'all', 0, '0', 0, '0'),
(446, 'joshua', 'paull', 0, 'bf', 'all', 0, '0', 0, '0'),
(447, 'Dakiesha', 'Thomas', 0, 'ren', 'all', 0, '0', 0, '0'),
(448, 'George', 'Hairston', 0, 'ren', 'all', 0, '0', 0, '0'),
(449, 'Jacob', 'King', 0, 'bf', 'all', 0, '0', 0, '0'),
(450, 'kyra', 'schofield', 0, 'bf', 'all', 0, '0', 0, '0'),
(451, 'Aden ', 'Kaye', 0, 'brk', 'all', 0, '0', 0, '0'),
(452, 'Gwyneth', 'Lietz', 0, 'gro', 'all', 1, '0', 0, '0'),
(453, 'Asiah', 'Gaddy', 0, 'ren', 'all', 0, '0', 0, '0'),
(454, 'Gwyneth', 'Rennell', 0, 'gp', 'all', 0, '0', 0, '0'),
(455, 'Simonne', 'Willis', 0, 'troy', 'all', 0, '0', 0, '0'),
(456, 'Elizabeth', 'Rooney', 0, 'gp', 'all', 0, '0', 0, '0'),
(457, 'Amanda', 'Hall', 0, 'nf', 'all', 0, '0', 0, '0'),
(458, 'Mary', 'Frame', 0, 'gp', 'all', 0, '0', 0, '0'),
(459, 'Delaytha', 'West', 0, 'ren', 'all', 0, '0', 0, '0'),
(460, 'Aidan', 'Bauer', 0, 'gro', 'all', 0, '0', 0, '0'),
(461, 'paula ', 'calderon ', 0, 'brk', 'all', 0, '0', 0, '0'),
(462, 'Neepa ', 'Patel', 0, 'ren', 'all', 0, '0', 0, '0'),
(463, 'Hannah ', 'Rothenberg', 0, 'nf', 'all', 0, '0', 0, '0'),
(464, 'Alex', 'Aisner', 0, 'nf', 'all', 0, '0', 0, '0'),
(465, 'Hannah', 'Smith', 0, 'gro', 'all', 1, '0', 0, '0'),
(466, 'Keagan ', 'Smith', 0, 'brk', 'all', 1, '0', 0, '0'),
(467, 'Stephan', 'Hodge', 0, 'bf', 'all', 0, '0', 0, '0'),
(468, 'Eliza', 'Vertin', 0, 'nf', 'all', 0, '0', 0, '0'),
(469, 'Nathaniel', 'Turner', 0, 'gro', 'all', 0, '0', 0, '0'),
(470, 'Simran', 'Malik', 0, 'nv', 'all', 1, '0', 0, '0'),
(471, 'Brandon', 'Mosley', 0, 'bf', 'all', 1, '0', 0, '0'),
(472, 'Autumn', 'Dewey', 0, 'gp', 'all', 0, '0', 0, '0'),
(473, 'Rylee', 'Mackin-Hawley', 0, 'bf', 'all', 0, '0', 0, '0'),
(474, 'Jacob', 'Roth', 0, 'bf', 'all', 0, '0', 0, '0'),
(475, 'Gabby', 'Dorr', 0, 'nf', 'all', 0, '0', 0, '0'),
(476, 'Pia', 'Campbell', 0, 'gro', 'all', 1, '0', 0, '0'),
(477, 'Gabby', 'Dorr', 0, 'nf', 'all', 0, '0', 0, '0'),
(478, 'Asiah', 'Gaddy', 0, 'ren', 'all', 0, '0', 0, '0'),
(479, 'Meera', 'Amin', 0, 'troy', 'all', 0, '0', 0, '0'),
(480, 'Sreeram', 'Panicker', 0, 'troy', 'all', 0, '0', 0, '0'),
(481, 'Noah', 'Akeel', 0, 'troy', 'all', 0, '0', 0, '0'),
(482, 'Asiah', 'Gaddy', 0, 'ren', 'all', 0, '0', 0, '0'),
(483, 'Stephan', 'Hodge', 0, 'bf', 'all', 0, '0', 0, '0'),
(484, 'Raya', 'Ghist', 0, 'ren', 'all', 0, '0', 0, '0'),
(485, 'Chantal', 'Zorzi', 0, 'bf', 'all', 0, '0', 0, '0'),
(486, 'Gabe', 'Akeel', 0, 'troy', 'all', 0, '0', 0, '0'),
(487, 'Reena ', 'Jankowski', 0, 'nv', 'all', 0, '0', 0, '0'),
(488, 'Shayna', 'Jankowski', 0, 'nv', 'all', 0, '0', 0, '0'),
(489, 'Stephan', 'Hodge', 0, 'bf', 'all', 0, '0', 0, '0'),
(490, 'Tonya', 'Degraffenreid', 0, 'nf', 'all', 0, '0', 0, '0'),
(491, 'Kristin', 'Davis', 0, 'bf', 'all', 0, '0', 0, '0'),
(492, 'Alexa', 'Patsalis', 0, 'nv', 'all', 0, '0', 0, '0'),
(493, 'William ', 'Caton', 0, 'troy', 'all', 0, '0', 0, '0'),
(494, 'Trajan', 'Bankston', 0, 'ren', 'all', 0, '0', 0, '0'),
(495, 'Tragan', 'Bankston', 0, 'ren', 'all', 0, '0', 0, '0'),
(496, 'Anthony', 'LaBuda', 0, 'brk', 'all', 0, '0', 0, '0'),
(497, 'Vanessa', 'Wang', 0, 'bf', 'all', 0, '0', 0, '0'),
(498, 'Alexa', 'Patsalis', 0, 'nv', 'all', 0, '0', 0, '0'),
(500, 'Sara', 'Abrams', 1, 'aa', 'play', 1, 'Honda Civic', 5, NULL),
(501, 'Laura', 'Boisten', 1, 'bf', 'play', 1, NULL, 15, NULL),
(502, 'Jacob', 'Bice', 1, 'gro', 'play', 1, 'Mazda 6', 5, NULL),
(503, 'Maddie', 'Duesterberg', 1, 'nf', 'play', 1, 'Audi A4', 5, NULL),
(504, 'Cydney', 'Hall', 1, 'nv', 'play', 0, NULL, NULL, NULL),
(505, 'Joe', 'Allen', 1, 'brk', 'all', 1, 'Hyundai Elantra', 5, NULL),
(506, 'Mary', 'Payne', 1, 'troy', 'play', 1, 'Honda Civic', 5, NULL),
(507, 'Anthony', 'Kolesky', 1, 'gp', 'paint', 1, 'Mercury Milan', 5, NULL),
(508, 'Anjul ', 'Bhangu', 0, 'bf', 'all', 0, '0', 0, '0'),
(509, 'Camille', 'Johnson', 0, 'ren', 'all', 0, '0', 0, '0'),
(510, 'Renee', 'Fabien', 0, 'nv', 'all', 1, '0', 0, '0'),
(511, 'Katie', 'Westerlund', 0, 'gro', 'all', 0, '0', 0, '0'),
(512, 'Lauren', 'Tofilski', 0, 'nv', 'all', 1, '0', 0, '0'),
(513, 'Dana', 'Josifoski', 0, 'nf', 'all', 0, '0', 0, '0'),
(514, 'Chelsea', 'Johnson', 0, 'ren', 'all', 0, '0', 0, '0'),
(515, 'Isabelle', 'Darragh', 0, 'nv', 'all', 0, '0', 0, '0'),
(516, 'Amani', 'Elewa', 0, 'nf', 'all', 0, '0', 0, '0'),
(517, 'Ramprasad', 'Rajaguru', 0, 'nf', 'all', 0, '0', 0, '0'),
(519, 'Michael', 'Epstein', 0, 'nf', 'all', 1, '0', 0, '0'),
(520, 'Megan', 'Gauger', 0, 'aa', 'all', 0, '0', 0, '0'),
(521, 'Fizza', 'Ahmed', 0, 'nv', 'all', 0, '0', 0, '0'),
(522, 'john ', 'wilker', 0, 'gro', 'all', 0, '0', 0, '0'),
(523, 'Taylor', 'Smith', 0, 'nf', 'all', 0, '0', 0, '0'),
(524, 'Maya', 'Watts', 0, 'ren', 'all', 0, '0', 0, '0'),
(525, 'Anna', 'Elter', 0, 'bf', 'all', 1, '0', 0, '0'),
(526, 'Anuj', 'Mangal', 0, 'troy', 'all', 0, '0', 0, '0'),
(527, 'Oliver ', 'Li', 0, 'troy', 'all', 0, '0', 0, '0'),
(528, 'Michael', 'Lin', 0, 'ren', 'all', 0, '0', 0, '0'),
(529, 'Michael', 'Lin', 0, 'troy', 'all', 0, '0', 0, '0'),
(530, 'Arielle', 'McEntyre', 0, 'nv', 'all', 0, '0', 0, '0'),
(531, 'Matthew', 'Xu', 0, 'troy', 'all', 1, '0', 0, '0'),
(532, 'Chloe', 'Valentic', 0, 'gp', 'all', 0, '0', 0, '0'),
(533, 'Amy', 'Benson', 0, 'bf', 'all', 1, '0', 0, '0'),
(534, 'Varun', 'Mangal', 0, 'troy', 'all', 1, '0', 0, '0'),
(535, 'Taylor', 'Smith', 0, 'nf', 'all', 0, '0', 0, '0'),
(536, 'Lauren', 'Bowens', 0, 'nf', 'all', 1, '0', 0, '0'),
(537, 'Olivia', 'Urdiales', 0, 'nf', 'all', 0, '0', 0, '0'),
(538, 'Sierra ', 'Safian', 0, 'bf', 'all', 0, '0', 0, '0'),
(539, 'Susie', 'Moesta', 0, 'gp', 'all', 0, '0', 0, '0'),
(540, 'Nick', 'Rokosz', 0, 'bf', 'all', 0, '0', 0, '0'),
(541, 'Kaiya', 'Haywood', 0, 'ren', 'all', 0, '0', 0, '0'),
(542, 'Gabe', 'Schlussel', 0, 'brk', 'all', 0, '0', 0, '0'),
(543, 'michael', 'stebbins', 0, 'gro', 'all', 1, '0', 0, '0'),
(544, 'timothy', 'stebbins', 0, 'gro', 'all', 0, '0', 0, '0'),
(545, 'MAGGIE', 'EWALD', 0, 'brk', 'all', 0, '0', 0, '0'),
(546, 'Abishek', 'Arumanla', 0, 'bf', 'all', 0, '0', 0, '0'),
(547, 'Kaiya', 'Haywood', 0, 'ren', 'all', 0, '0', 0, '0'),
(548, 'Ramprasad', 'Rajaguru', 0, 'nf', 'all', 0, '0', 0, '0'),
(549, 'Grace', 'Sherbin', 0, 'gro', 'all', 1, '0', 0, '0'),
(550, 'Bobbi', 'Hartmann', 0, 'gro', 'all', 0, '0', 0, '0'),
(551, 'Rory', 'Burman', 0, 'bf', 'all', 0, '0', 0, '0'),
(552, 'Olivia', 'Bossardet', 0, 'gro', 'all', 0, '0', 0, '0'),
(553, 'Megan', 'Satawa', 0, 'bf', 'all', 0, '0', 0, '0'),
(554, 'Stephanie', 'Green', 0, 'gro', 'all', 0, '0', 0, '0'),
(555, 'Sydney', 'Giszczak', 0, 'gro', 'all', 1, '0', 0, '0'),
(556, 'Olivia', 'Urdiales', 0, 'nf', 'all', 0, '0', 0, '0'),
(557, 'Kathryn', 'Linnen', 0, 'gro', 'all', 0, '0', 0, '0'),
(558, 'Grace', 'Sherbin', 0, 'gro', 'all', 1, '0', 0, '0'),
(559, 'Skyler', 'Knapp', 0, 'bf', 'all', 1, '0', 0, '0'),
(560, 'Grace', 'Sherbin', 0, 'gro', 'all', 1, '0', 0, '0'),
(561, 'Ugochi ', 'Ndupu', 0, 'nf', 'all', 0, '0', 0, '0'),
(562, 'Emerson', 'Woodbury', 0, 'bf', 'all', 0, '0', 0, '0'),
(563, 'fiona', 'godfrey', 0, 'nf', 'all', 0, '0', 0, '0'),
(564, 'Lizzie', 'Kompus', 0, 'gro', 'all', 0, '0', 0, '0'),
(565, 'Vivian', 'Harber', 0, 'bf', 'all', 0, '0', 0, '0'),
(566, 'Niyanka', 'Shah', 0, 'bf', 'all', 0, '0', 0, '0'),
(567, 'Alexa', 'Nicholson', 0, 'bf', 'all', 0, '0', 0, '0'),
(568, 'Roopa ', 'Gorur', 0, 'bf', 'all', 0, '0', 0, '0'),
(569, 'Emma ', 'Gray', 0, 'bf', 'all', 0, '0', 0, '0'),
(570, 'Emma', 'Gray', 0, 'bf', 'all', 0, '0', 0, '0'),
(571, 'Pia', 'Campbell', 0, 'gro', 'all', 1, '0', 0, '0'),
(572, 'Kaiya', 'Hales', 0, 'ren', 'all', 0, '0', 0, '0'),
(573, 'Philip', 'Henricks', 0, 'gro', 'all', 1, '0', 0, '0'),
(574, 'Stasarahmy', 'Haynes', 0, 'nf', 'all', 1, '0', 0, '0'),
(575, 'Erinn', 'English', 0, 'gro', 'all', 0, '0', 0, '0'),
(576, 'Mike', 'Jelik', 0, 'brk', 'all', 1, '0', 0, '0'),
(577, 'lester', 'castillo', 0, 'troy', 'all', 0, '0', 0, '0'),
(578, 'Joseph', 'Russel', 0, 'nf', 'all', 0, '0', 0, '0'),
(579, 'Habib', 'Bello', 0, 'bf', 'all', 0, '0', 0, '0'),
(580, 'Luke', 'Morrissette', 0, 'nf', 'all', 0, '0', 0, '0'),
(581, 'Toheeb', 'Bello', 0, 'bf', 'all', 0, '0', 0, '0'),
(582, 'Elizabeth', 'Mantha', 0, 'brk', 'all', 1, '0', 0, '0'),
(583, 'Stephen', 'Kurapati', 0, 'troy', 'all', 0, '0', 0, '0'),
(584, 'Elizabeth', 'Mantha', 0, 'brk', 'all', 1, '0', 0, '0'),
(585, 'William', 'HAckel', 0, 'ren', 'all', 0, '0', 0, '0'),
(586, 'Sruthi', 'Sriram', 0, 'troy', 'all', 0, '0', 0, '0'),
(587, 'eli', 'levine', 0, 'bf', 'all', 0, '0', 0, '0'),
(588, 'Priscilla', 'C. Pinchem', 0, 'aa', 'all', 0, '0', 0, '0'),
(589, 'Katherine', 'Bird', 0, 'gp', 'all', 0, '0', 0, '0'),
(590, 'Anthony', 'LaBuda', 0, 'brk', 'all', 0, '0', 0, '0'),
(591, 'Abigail', 'Quinn', 0, 'brk', 'all', 0, '0', 0, '0'),
(592, 'Natalie', 'Gould', 0, 'bf', 'all', 0, '0', 0, '0'),
(593, 'Ethan', 'Vick', 0, 'gp', 'all', 0, '0', 0, '0'),
(594, 'Kate', 'Froling', 0, 'nf', 'all', 0, '0', 0, '0'),
(595, 'Drew', 'Warnecke', 0, 'nf', 'all', 1, '0', 0, '0'),
(596, 'Lily', 'Smith', 0, 'brk', 'all', 0, '0', 0, '0'),
(597, 'Paris ', 'Pinchem', 0, 'aa', 'all', 0, '0', 0, '0'),
(598, 'Kara', 'Froling', 0, 'nf', 'all', 0, '0', 0, '0'),
(599, 'Paris', 'Pinchem', 0, 'aa', 'all', 0, '0', 0, '0'),
(600, 'Emma', 'Russell', 0, 'gp', 'all', 1, '0', 0, '0'),
(601, 'Ahyahnna', 'Cooper', 0, 'nf', 'all', 0, '0', 0, '0'),
(602, 'Reynolds', 'Skylar', 0, 'ren', 'all', 0, '0', 0, '0'),
(603, 'Andy', 'Jiang', 0, 'troy', 'all', 0, '0', 0, '0'),
(604, 'Allison', 'Jiang', 0, 'troy', 'all', 0, '0', 0, '0'),
(605, 'Juliette', 'Thomas', 0, 'bf', 'all', 1, '0', 0, '0'),
(606, 'Stephan', 'Hodge', 0, 'bf', 'all', 0, '0', 0, '0'),
(607, 'Aniela', 'Crayton', 0, 'brk', 'all', 0, '0', 0, '0'),
(608, 'Bryan', 'Neumann', 0, 'nf', 'all', 1, '0', 0, '0'),
(609, 'Aniela', 'Crayton', 0, 'brk', 'all', 0, '0', 0, '0'),
(610, 'Ami', 'Sanghvi', 0, 'bf', 'all', 0, '0', 0, '0'),
(611, 'g', 's', 0, 'brk', 'all', 0, '0', 0, '0'),
(612, 'Lucy', 'Appel', 0, 'bf', 'all', 0, '0', 0, '0'),
(613, 'kasra ', 'raffi', 0, 'bf', 'all', 0, '0', 0, '0'),
(614, 'Samuel', 'Leslie', 0, 'gro', 'all', 0, '0', 0, '0'),
(615, 'Neha', 'Amin', 0, 'bf', 'all', 0, '0', 0, '0'),
(616, 'Rebekah', 'Long', 0, 'ren', 'all', 0, '0', 0, '0'),
(617, 'Sarah', 'Lynch', 0, 'bf', 'all', 0, '0', 0, '0'),
(618, 'Aidan', 'Brice', 0, 'nf', 'all', 0, '0', 0, '0'),
(619, 'Katherine', 'Clark', 0, 'gp', 'all', 0, '0', 0, '0'),
(620, 'William', 'HAckel', 0, 'ren', 'all', 0, '0', 0, '0'),
(621, 'Aanya', 'Shah', 0, 'bf', 'all', 0, '0', 0, '0'),
(622, 'Julia', 'Bolton', 0, 'gro', 'all', 0, '0', 0, '0'),
(623, 'Kayleigh', 'Crabb', 0, 'nv', 'all', 0, '0', 0, '0'),
(624, 'Sam', 'Ashley', 0, 'gro', 'all', 0, '0', 0, '0'),
(625, 'Olivia ', 'Duru', 0, 'nf', 'all', 1, '0', 0, '0'),
(626, 'Maddie', 'Sparks', 0, 'gro', 'all', 0, '0', 0, '0'),
(627, 'Vinay', 'Gorur', 0, 'bf', 'all', 1, '0', 0, '0'),
(628, 'Neel', 'Soni', 0, 'nf', 'all', 0, '0', 0, '0'),
(629, 'Chase', 'Colton', 0, 'gro', 'all', 0, '0', 0, '0'),
(630, 'Darriel', ' Dick', 0, 'ren', 'all', 0, '0', 0, '0'),
(631, 'Paul', 'Holman', 0, 'bf', 'all', 0, '0', 0, '0'),
(632, 'Saisruthi', 'Sriram', 0, 'troy', 'all', 0, '0', 0, '0'),
(633, 'Hallie', 'Bernstein', 0, 'nf', 'all', 0, '0', 0, '0'),
(634, 'Emily ', 'Sines', 0, 'brk', 'all', 0, '0', 0, '0'),
(635, 'Jefferson', 'Huang', 0, 'nf', 'all', 0, '0', 0, '0'),
(636, 'Elizabeth', 'Reese', 0, 'bf', 'all', 0, '0', 0, '0'),
(637, 'Sunjuna', 'Chalasani', 0, 'nv', 'all', 0, '0', 0, '0'),
(638, 'Toheeb', 'Bello', 0, 'bf', 'all', 0, '0', 0, '0'),
(639, 'Grace', 'Wroldsen', 0, 'bf', 'all', 0, '0', 0, '0'),
(640, 'Max', 'Winkelman', 0, 'nf', 'all', 1, '0', 0, '0'),
(641, 'Swetha', 'Sriram', 0, 'troy', 'all', 0, '0', 0, '0'),
(642, 'Apoorva', 'Chalasani', 0, 'nv', 'all', 0, '0', 0, '0'),
(643, 'Apoorva', 'Chalasani', 0, 'nv', 'all', 0, '0', 0, '0'),
(644, 'Swarna', 'Sriram', 0, 'troy', 'all', 0, '0', 0, '0'),
(645, 'Katelin', 'Yaldo', 0, 'bf', 'all', 0, '0', 0, '0'),
(646, 'Louie ', 'Ellis', 0, 'nv', 'all', 0, '0', 0, '0'),
(647, 'Brent', 'Carlson', 0, 'nf', 'all', 0, '0', 0, '0'),
(648, 'Laurel ', 'Lyngklip ', 0, 'brk', 'all', 0, '0', 0, '0'),
(649, 'Vignesh ', 'Nalliah ', 0, 'bf', 'all', 0, '0', 0, '0'),
(650, 'Deven', 'Patel', 0, 'nv', 'all', 1, '0', 0, '0'),
(651, 'Patrick', 'Kollman', 0, 'aa', 'all', 1, '0', 0, '0'),
(652, 'hellna', 'dellia', 0, 'brk', 'all', 1, '0', 0, '0'),
(653, 'Saadat ', 'Zaman', 0, 'troy', 'all', 0, '0', 0, '0'),
(654, 'JaeYoung', 'Chang', 0, 'nv', 'all', 0, '0', 0, '0'),
(655, 'Annie', 'Goodman', 0, 'gro', 'all', 0, '0', 0, '0'),
(656, 'Erik', 'Sheldon', 0, 'nv', 'all', 1, '0', 0, '0'),
(657, 'Henry', 'Dodson', 0, 'troy', 'all', 0, '0', 0, '0'),
(658, 'Sanjana', 'Sahoo', 0, 'nf', 'all', 0, '0', 0, '0'),
(659, 'Lucy', 'Payne', 0, 'troy', 'all', 0, '0', 0, '0'),
(660, 'Max', 'Payne', 0, 'troy', 'all', 1, '0', 0, '0'),
(661, 'Elena ', 'Lopez', 0, 'brk', 'all', 0, '0', 0, '0'),
(662, 'Stephanie', 'Schervish', 0, 'gp', 'all', 1, '0', 0, '0'),
(663, 'Stephanie', 'Schervish', 0, 'gp', 'all', 1, '0', 0, '0'),
(664, 'Kyle', 'Alkatib', 0, 'bf', 'all', 0, '0', 0, '0'),
(665, 'Daniel', 'Roty', 0, 'troy', 'all', 0, '0', 0, '0'),
(666, 'Lauren', 'Taylor', 0, 'nf', 'all', 0, '0', 0, '0'),
(667, 'Morgan', 'Amons', 0, 'gro', 'all', 0, '0', 0, '0'),
(668, 'Sean', 'Buck', 0, 'brk', 'all', 0, '0', 0, '0'),
(669, 'Zach', 'Stroud', 0, 'nv', 'all', 1, '0', 0, '0'),
(670, 'Tara', 'Rahmani', 0, 'nv', 'all', 0, '0', 0, '0'),
(671, 'Brenden', 'Roman', 0, 'bf', 'all', 1, '0', 0, '0'),
(672, 'Natalia', 'Soss', 0, 'nv', 'all', 0, '0', 0, '0'),
(673, 'Luke', 'Morrissette', 0, 'nf', 'all', 0, '0', 0, '0'),
(674, 'Aileen', 'Flynn', 0, 'brk', 'all', 0, '0', 0, '0'),
(675, 'Lily', 'Kirkman', 0, 'bf', 'all', 0, '0', 0, '0'),
(676, 'amanda', 'Bearden', 0, 'bf', 'all', 0, '0', 0, '0'),
(677, 'Ava', 'Farquhar', 0, 'nf', 'all', 0, '0', 0, '0'),
(678, 'aubrey', 'mathews', 0, 'gp', 'all', 0, '0', 0, '0'),
(679, 'Alexa', 'Nicholson', 0, 'bf', 'all', 0, '0', 0, '0'),
(680, 'Cade', 'Burman', 0, 'bf', 'all', 0, '0', 0, '0'),
(681, 'Sebastian', 'Burman', 0, 'bf', 'all', 0, '0', 0, '0'),
(682, 'Ethan', 'Goldstein', 0, 'gp', 'all', 0, '0', 0, '0'),
(683, 'Ethan', 'Goldstein', 0, 'gp', 'all', 0, '0', 0, '0'),
(684, 'Riann', 'English', 0, 'gro', 'all', 0, '0', 0, '0'),
(685, 'Troy', 'Bormann', 0, 'brk', 'all', 0, '0', 0, '0'),
(686, 'Trinity', 'Diehlee', 0, 'gp', 'all', 0, '0', 0, '0'),
(687, 'Ava', 'Russano', 0, 'gp', 'all', 0, '0', 0, '0'),
(688, 'troy', 'bormann', 0, 'brk', 'all', 0, '0', 0, '0'),
(689, 'troy', 'bormann', 0, 'brk', 'all', 0, '0', 0, '0'),
(690, 'Gabrielle', 'Gamily', 0, 'nf', 'all', 0, '0', 0, '0'),
(691, 'Micah', 'Parker ', 0, 'ren', 'all', 0, '0', 0, '0'),
(692, 'eee', 'eeeee', 0, 'ren', 'all', 0, '0', 0, '0'),
(693, 'Aiman', 'Boxwalla', 0, 'nf', 'all', 0, '0', 0, '0'),
(694, 'Dawn', 'Plastow', 0, 'troy', 'all', 1, '0', 0, '0'),
(695, 'Virginie', 'de Smet', 0, 'bf', 'all', 0, '0', 0, '0'),
(696, 'Lauren ', 'Jackson ', 0, 'gro', 'all', 0, '0', 0, '0'),
(697, 'Elise', 'Butler', 0, 'gro', 'all', 0, '0', 0, '0'),
(698, 'Anthony', 'Yun', 0, 'bf', 'all', 0, '0', 0, '0'),
(699, 'quinn', 'coleman', 0, 'gro', 'all', 0, '0', 0, '0'),
(700, 'Madison', 'Parthum', 0, 'gp', 'all', 0, '0', 0, '0'),
(701, 'Maya', 'Behrend', 0, 'nv', 'all', 0, '0', 0, '0'),
(702, 'Zoe', 'Fowlkes', 0, 'gp', 'all', 0, '0', 0, '0'),
(703, 'Mahir', 'Taqbeem', 0, 'troy', 'all', 1, '0', 0, '0'),
(704, 'Justice', 'Moss', 0, 'ren', 'all', 0, '0', 0, '0'),
(705, 'Kathryn', 'Cassidy', 0, 'bf', 'all', 0, '0', 0, '0'),
(706, 'Emma ', 'Melms', 0, 'nf', 'all', 0, '0', 0, '0'),
(707, 'Samantha', 'Cannon', 0, 'gp', 'all', 0, '0', 0, '0'),
(708, 'Katelyn', 'Jenney', 0, 'gro', 'all', 1, '0', 0, '0'),
(709, 'Austynn', 'Bradfield', 0, 'brk', 'all', 0, '0', 0, '0'),
(710, 'Morgan', 'Amons', 0, 'gro', 'all', 0, '0', 0, '0'),
(711, 'Alecia', 'Carwright', 0, 'brk', 'all', 0, '0', 0, '0'),
(712, 'Andrea', 'Smith', 0, 'gro', 'all', 0, '0', 0, '0'),
(713, 'Keith', 'Johnstone', 0, 'bf', 'all', 0, '0', 0, '0'),
(714, 'chloe', 'skiles', 0, 'gp', 'all', 0, '0', 0, '0'),
(715, 'Aleina', 'Lemanski', 0, 'gp', 'all', 0, '0', 0, '0'),
(716, 'camille', 'hollenquest', 0, 'ren', 'all', 0, '0', 0, '0'),
(717, 'Zev', 'Adler-Goldsmith', 0, 'brk', 'all', 1, '0', 0, '0'),
(718, 'madeline ', 'gwinn', 0, 'bf', 'all', 0, '0', 0, '0'),
(719, 'Valerie', 'Helmuth', 0, 'gro', 'all', 1, '0', 0, '0'),
(720, 'Sadina', 'Fadel', 0, 'gro', 'all', 0, '0', 0, '0'),
(721, 'Tate', 'Macdonald', 0, 'gp', 'all', 1, '0', 0, '0'),
(722, 'Katie', 'Cutcher', 0, 'nf', 'all', 0, '0', 0, '0'),
(723, 'Katie', 'Cutcher', 0, 'nf', 'all', 0, '0', 0, '0'),
(724, 'Katie', 'Cutcher', 0, 'nf', 'all', 0, '0', 0, '0'),
(725, 'Maddie ', 'Dudas', 0, 'bf', 'all', 0, '0', 0, '0'),
(726, 'Kennedi', 'Seals', 0, 'nf', 'all', 0, '0', 0, '0'),
(727, 'Will', 'Humenny', 0, 'bf', 'all', 0, '0', 0, '0'),
(728, 'tuyujuy', 'ghdab ', 0, 'ren', 'all', 0, '0', 0, '0'),
(729, 'jazmine', 'thomas', 0, 'ren', 'all', 0, '0', 0, '0'),
(730, 'Selena', 'Mangat', 0, 'nf', 'all', 0, '0', 0, '0'),
(731, 'Michelle', 'Levin', 0, 'troy', 'all', 0, '0', 0, '0'),
(732, 'Kyra', 'Cutcher', 0, 'nf', 'all', 1, '0', 0, '0'),
(733, 'Katie', 'Cutcher', 0, 'nf', 'all', 0, '0', 0, '0'),
(734, 'Jacob', 'Gasso', 0, 'bf', 'all', 0, '0', 0, '0'),
(735, 'Quinn', 'Collins', 0, 'brk', 'all', 0, '0', 0, '0'),
(736, 'Quinn', 'Collins', 0, 'brk', 'all', 0, '0', 0, '0'),
(737, 'Henry', 'Parkinson', 0, 'brk', 'all', 0, '0', 0, '0'),
(738, 'Quinn', 'Collins', 0, 'brk', 'all', 0, '0', 0, '0'),
(739, 'Iris', 'Zou', 0, 'troy', 'all', 0, '0', 0, '0'),
(740, 'William', 'Parkinson', 0, 'brk', 'all', 0, '0', 0, '0'),
(741, 'Leila ', 'Owens ', 0, 'gro', 'all', 0, '0', 0, '0'),
(742, 'Leila ', 'Owens ', 0, 'gro', 'all', 0, '0', 0, '0'),
(743, 'Kira', 'Gurovich', 0, 'gp', 'all', 0, '0', 0, '0'),
(744, 'Jonathon ', 'Hopkins', 0, 'bf', 'all', 0, '0', 0, '0'),
(745, 'Daniel', 'Murvar', 0, 'bf', 'all', 0, '0', 0, '0'),
(746, 'Caitlin', 'Hannigan', 0, 'bf', 'all', 0, '0', 0, '0'),
(747, 'Sloane', 'Marwil', 0, 'bf', 'all', 0, '0', 0, '0'),
(748, 'LaToya', 'Tatum', 0, 'ren', 'all', 0, '0', 0, '0'),
(749, 'Sarena ', 'Caver ', 0, 'gro', 'all', 1, '0', 0, '0'),
(750, 'Dhara', 'Shah', 0, 'gro', 'all', 0, '0', 0, '0'),
(751, 'molly', 'efros', 0, 'bf', 'all', 0, '0', 0, '0'),
(752, 'h', 'j', 0, 'bf', 'all', 0, '0', 0, '0'),
(753, 'Sawyer', 'Burman', 0, 'bf', 'all', 0, '0', 0, '0'),
(754, 'Anastasia', 'Curti', 0, 'bf', 'all', 0, '0', 0, '0'),
(755, 'Mackenzi', 'Michael', 0, 'bf', 'all', 0, '0', 0, '0'),
(756, 'Lauren', 'Denomme', 0, 'gp', 'all', 0, '0', 0, '0'),
(757, 'Lauren', 'Denomme', 0, 'gp', 'all', 0, '0', 0, '0'),
(758, 'Dawon', 'Fergerson', 0, 'gro', 'all', 1, '0', 0, '0'),
(759, 'dawon', 'fergerson', 0, 'gro', 'all', 1, '0', 0, '0'),
(760, 'Kit', 'Martin', 0, 'bf', 'all', 0, '0', 0, '0'),
(761, 'Destiny', 'Pitts', 0, 'gp', 'all', 1, '0', 0, '0'),
(762, 'Alex', 'Harring', 0, 'gp', 'all', 0, '0', 0, '0'),
(763, 'Caitlin', 'Ryan', 0, 'nv', 'all', 0, '0', 0, '0'),
(764, 'Sydney', 'Semack', 0, 'gp', 'all', 0, '0', 0, '0'),
(765, 'Cole', 'Walsh', 0, 'brk', 'all', 0, '0', 0, '0'),
(766, 'Gabrielle', 'Bigelow', 0, 'bf', 'all', 0, '0', 0, '0'),
(767, 'Hannah ', 'Harthorn', 0, 'brk', 'all', 0, '0', 0, '0'),
(768, 'Vira', 'Mehta', 0, 'nf', 'all', 0, '0', 0, '0'),
(769, 'Joseph', 'Damiani', 0, 'nf', 'all', 0, '0', 0, '0'),
(770, 'Lucas', 'Blair', 0, 'nf', 'all', 0, '0', 0, '0'),
(771, 'Luke', 'Blair', 0, 'nf', 'all', 0, '0', 0, '0'),
(772, 'Ali', 'Naeem', 0, 'nf', 'all', 0, '0', 0, '0'),
(773, 'Sanjana', 'Sahoo', 0, 'nf', 'all', 0, '0', 0, '0'),
(774, 'Chris', 'Wardlow', 0, 'troy', 'all', 1, '0', 0, '0'),
(775, 'christian', 'ryan', 0, 'bf', 'all', 1, '0', 0, '0'),
(776, 'Haley', 'Dishman', 0, 'ren', 'all', 0, '0', 0, '0'),
(777, 'Maria', 'Betanzos', 0, 'nf', 'all', 0, '0', 0, '0'),
(778, 'Kaitlin', 'Malley', 0, 'gp', 'all', 1, '0', 0, '0'),
(779, 'Donavon', 'Johnson', 0, 'gro', 'all', 0, '0', 0, '0'),
(780, 'Amyl', 'Patterson', 0, 'bf', 'all', 0, '0', 0, '0'),
(781, 'd', 'v', 0, 'gro', 'all', 0, '0', 0, '0'),
(782, 'Isaac', 'Mintz', 0, 'bf', 'all', 0, '0', 0, '0'),
(783, 'Donavon', 'Johnson', 0, 'gro', 'all', 0, '0', 0, '0'),
(784, 'Lance', 'Washington', 0, 'gro', 'all', 0, '0', 0, '0'),
(785, 'Lance', 'Washington', 0, 'gro', 'all', 0, '0', 0, '0'),
(786, 'Bailey', 'Hervey', 0, 'gro', 'all', 0, '0', 0, '0'),
(787, 'Lucas', 'Washington', 0, 'gro', 'all', 0, '0', 0, '0'),
(788, 'Callie', 'Barnas', 0, 'gro', 'all', 0, '0', 0, '0'),
(789, 'Brad ', 'Cusumano ', 0, 'gp', 'all', 0, '0', 0, '0'),
(790, 'Sanjana', 'Sahoo', 0, 'nf', 'all', 0, '0', 0, '0'),
(791, 'julia', 'bradley', 0, 'gro', 'all', 0, '0', 0, '0'),
(792, 'Tim', 'Bowers', 0, 'gp', 'all', 0, '0', 0, '0'),
(793, 'Amelia', 'Turco', 0, 'gp', 'all', 0, '0', 0, '0'),
(794, 'Nadia', 'Sinishtaj', 0, 'nf', 'all', 0, '0', 0, '0'),
(795, 'Riley', 'Kalt', 0, 'brk', 'all', 0, '0', 0, '0'),
(796, 'Danny', 'Jandali', 0, 'bf', 'all', 0, '0', 0, '0'),
(797, 'danny', 'Jandali', 0, 'bf', 'all', 0, '0', 0, '0'),
(798, 'Danny', 'Jandali', 0, 'bf', 'all', 0, '0', 0, '0'),
(799, 'Prathusha', 'Yeruva', 0, 'troy', 'all', 0, '0', 0, '0'),
(800, 'Courtney', 'Dolan', 0, 'gro', 'all', 0, '0', 0, '0'),
(801, 'Courtney', 'Dolan', 0, 'gro', 'all', 0, '0', 0, '0'),
(802, 'Nicholas', 'Crane', 0, 'brk', 'all', 1, '0', 0, '0'),
(803, 'drew', 'edwards', 0, 'nf', 'all', 1, '0', 0, '0'),
(804, 'Aashni', 'Khatri', 0, 'nv', 'all', 0, '0', 0, '0'),
(805, 'DawnTaijah ', 'Bowman ', 0, 'ren', 'all', 0, '0', 0, '0'),
(806, 'Zoe', 'Fowlkes', 0, 'gp', 'all', 0, '0', 0, '0'),
(807, 'Riley ', 'Branigan', 0, 'brk', 'all', 0, '0', 0, '0'),
(808, 'Anika', 'Love', 0, 'aa', 'all', 0, '0', 0, '0'),
(809, 'Lindsay', 'Dyas', 0, 'gp', 'all', 0, '0', 0, '0'),
(810, 'Jake', 'Krzeczkowski', 0, 'aa', 'all', 0, '0', 0, '0'),
(811, 'Sydney', 'Dugan', 0, 'gp', 'all', 0, '0', 0, '0'),
(812, 'Pallavi ', 'Kurakula ', 0, 'bf', 'all', 0, '0', 0, '0'),
(813, 'Lindsey', 'Ramsdell', 0, 'gp', 'all', 0, '0', 0, '0'),
(814, 'Pallavi ', 'Kurakula ', 0, 'bf', 'all', 0, '0', 0, '0'),
(815, 'Jarryn', 'Shin', 0, 'nf', 'all', 0, '0', 0, '0'),
(816, 'Evan', 'Berger', 0, 'gro', 'all', 0, '0', 0, '0'),
(817, 'Sam', 'Salisbury', 0, 'gp', 'all', 0, '0', 0, '0'),
(818, 'akhil', 'sekar', 0, 'gro', 'all', 0, '0', 0, '0'),
(819, 'Jeremy ', 'Glassman ', 0, 'bf', 'all', 0, '0', 0, '0'),
(820, 'Edie', 'Jones', 0, 'nv', 'all', 0, '0', 0, '0'),
(821, 'Anagha', 'Shah', 0, 'nf', 'all', 0, '0', 0, '0'),
(822, 'Noah ', 'Stamps', 0, 'ren', 'all', 0, '0', 0, '0'),
(823, 'Ava', 'Hui', 0, 'nv', 'all', 0, '0', 0, '0'),
(824, 'Ava', 'Hui', 0, 'nv', 'all', 0, '0', 0, '0'),
(825, 'Jeremiah', 'McKinney', 0, 'ren', 'all', 0, '0', 0, '0'),
(826, 'Dalia', 'Michaelson', 0, 'brk', 'all', 0, '0', 0, '0'),
(827, 'Mariah', 'Benford', 0, 'ren', 'all', 0, '0', 0, '0'),
(828, 'Rakhel', 'Shamaeva', 0, 'bf', 'all', 0, '0', 0, '0'),
(829, 'Karrington', 'Baisden', 0, 'gro', 'all', 1, '0', 0, '0'),
(830, 'Ali', 'Randel', 0, 'bf', 'all', 0, '0', 0, '0'),
(831, 'Maisy', 'Richards', 0, 'bf', 'all', 0, '0', 0, '0'),
(832, 'Maisy', 'Richards', 0, 'bf', 'all', 0, '0', 0, '0'),
(833, 'Heidi', 'Grodman', 0, 'bf', 'all', 0, '0', 0, '0'),
(834, 'Aneesha', 'Gummadi', 0, 'nv', 'all', 0, '0', 0, '0'),
(835, 'Vira', 'Mehta', 0, 'nf', 'all', 0, '0', 0, '0'),
(836, 'Mikayla ', 'Hines', 0, 'nf', 'all', 0, '0', 0, '0'),
(837, 'Mikayla ', 'Hines', 0, 'nf', 'all', 0, '0', 0, '0'),
(838, 'Lyndon', 'DeFoe', 0, 'gro', 'all', 1, '0', 0, '0'),
(839, 'd', 'D', 0, 'aa', 'all', 1, '0', 0, '0'),
(840, 'haley', 'biehl', 0, 'gro', 'all', 0, '0', 0, '0'),
(841, 'Charlotte', 'Duus', 0, 'gp', 'all', 0, '0', 0, '0'),
(842, 'Randy', 'Mi', 0, 'bf', 'all', 0, '0', 0, '0'),
(843, 'Grace', 'Scott', 0, 'gp', 'all', 1, '0', 0, '0'),
(844, 'Alexandria', 'Bly', 0, 'ren', 'all', 0, '0', 0, '0'),
(845, 'treasure', 'wilder', 0, 'nf', 'all', 1, '0', 0, '0'),
(846, 'Emma ', 'Scott', 0, 'gp', 'all', 0, '0', 0, '0'),
(847, 'Emma', 'Scott', 0, 'gp', 'all', 0, '0', 0, '0'),
(848, 'Mariah ', 'Benford', 0, 'ren', 'all', 0, '0', 0, '0'),
(849, 'Lucia', 'Qian', 0, 'nf', 'all', 0, '0', 0, '0'),
(850, 'Lucy', 'Liu', 0, 'gro', 'all', 0, '0', 0, '0'),
(851, 'Amari', 'Simmond', 0, 'ren', 'all', 0, '0', 0, '0'),
(852, 'Anna ', 'Piccione ', 0, 'gp', 'all', 1, '0', 0, '0'),
(853, 'Amari', 'Simmond', 0, 'gro', 'all', 0, '0', 0, '0'),
(854, 'Mike', 'Green', 0, 'ren', 'all', 0, '0', 0, '0'),
(855, 'drew', 'edwards', 0, 'nf', 'all', 1, '0', 0, '0'),
(856, 'mont', 'willis', 0, 'gro', 'all', 0, '0', 0, '0'),
(857, 'Jonathan', 'Zhang', 0, 'nf', 'all', 0, '0', 0, '0'),
(858, 'Tara', 'Ellison', 0, 'gro', 'all', 1, '0', 0, '0'),
(859, 'Eva', 'Qafa', 0, 'gro', 'all', 1, '0', 0, '0'),
(860, 'Charlie', 'Uchno', 0, 'brk', 'all', 0, '0', 0, '0'),
(861, 'Charlie', 'Ramsdell', 0, 'gp', 'all', 0, '0', 0, '0'),
(862, 'Nick', 'Remelius', 0, 'gp', 'all', 0, '0', 0, '0'),
(863, 'Margaret', 'Costello', 0, 'gp', 'all', 0, '0', 0, '0'),
(864, 'Hailey', 'Martin', 0, 'gp', 'all', 0, '0', 0, '0'),
(865, 'Aravinth', 'Ravithas', 0, 'troy', 'all', 0, '0', 0, '0'),
(866, 'Shankari', 'Ravithas', 0, 'troy', 'all', 0, '0', 0, '0');
INSERT INTO `Person` (`person_id`, `firstName`, `lastName`, `isCrew`, `primaryCarpool_id`, `preferredProject`, `hasCar`, `carMake`, `numSeatbelts`, `imgUrl`) VALUES
(867, 'storm', 'stephenson', 0, 'gro', 'all', 0, '0', 0, '0'),
(868, 'Ali', 'Randel', 0, 'bf', 'all', 0, '0', 0, '0'),
(869, 'chance', 'stephenson', 0, 'gro', 'all', 0, '0', 0, '0'),
(870, 'Rori', 'Mullen', 0, 'gro', 'all', 0, '0', 0, '0'),
(871, 'Jylah ', 'Mckinney', 0, 'ren', 'all', 0, '0', 0, '0'),
(872, 'Victoria ', 'Blaga', 0, 'nf', 'all', 0, '0', 0, '0'),
(873, 'Amy', 'Scanlon', 0, 'gp', 'all', 1, '0', 0, '0'),
(874, 'Josh', 'Lesson', 0, 'bf', 'all', 0, '0', 0, '0'),
(875, 'Jacob', 'Vrooman', 0, 'nf', 'all', 0, '0', 0, '0'),
(876, 'Kaylyn', 'Smith', 0, 'gro', 'all', 0, '0', 0, '0'),
(877, 'Emi', 'Wakugawa', 0, 'nf', 'all', 0, '0', 0, '0'),
(878, 'Zach', 'Stroud', 0, 'nv', 'all', 1, '0', 0, '0'),
(879, 'Lena', 'Roberts', 0, 'nf', 'all', 0, '0', 0, '0'),
(880, 'Jon Pierre', 'Nofar', 0, 'troy', 'all', 0, '0', 0, '0'),
(881, 'Jon Pierre', 'Nofar', 0, 'troy', 'all', 0, '0', 0, '0'),
(882, 'Jacquelyn', 'Farquhar', 0, 'nf', 'all', 0, '0', 0, '0'),
(883, 'Dalia ', 'Wilson-Welsh', 0, 'brk', 'all', 0, '0', 0, '0'),
(884, 'sam', 'cannon', 0, 'gp', 'all', 0, '0', 0, '0'),
(885, 'Morgan', 'Whitehead', 0, 'nv', 'all', 0, '0', 0, '0'),
(886, 'Dalia', 'Wilson-Welsh', 0, 'brk', 'all', 0, '0', 0, '0'),
(887, 'Audrey', 'North', 0, 'brk', 'all', 0, '0', 0, '0'),
(888, 'Maria', 'Dessinger', 0, 'gp', 'all', 1, '0', 0, '0'),
(889, 'Carly', 'Armstrong', 0, 'bf', 'all', 0, '0', 0, '0'),
(890, 'Miles', 'Camiener', 0, 'gro', 'all', 0, '0', 0, '0'),
(891, 'Sarah', 'Bradford', 0, 'nf', 'all', 0, '0', 0, '0'),
(892, 'Miles', 'Camiener ', 0, 'gro', 'all', 0, '0', 0, '0'),
(893, 'Mariah', 'Wilkerson', 0, 'brk', 'all', 1, '0', 0, '0'),
(894, 'Amorie', 'Smith', 0, 'ren', 'all', 0, '0', 0, '0'),
(895, 'Lucy', 'Liu', 0, 'gro', 'all', 0, '0', 0, '0'),
(896, 'Miles', 'Berlin', 0, 'brk', 'all', 0, '0', 0, '0'),
(897, 'Isabella ', 'Luke ', 0, 'bf', 'all', 0, '0', 0, '0'),
(898, 'Andre', 'German', 0, 'bf', 'all', 0, '0', 0, '0'),
(899, 'stephanie', 'roy', 0, 'gp', 'all', 1, '0', 0, '0'),
(900, 'Morgan', 'Whitehead', 0, 'nv', 'all', 0, '0', 0, '0'),
(901, 'Cristian', 'Gerardo-Sifuentes', 0, 'nf', 'all', 1, '0', 0, '0'),
(902, 'Morgan', 'Whitehead', 0, 'nv', 'all', 0, '0', 0, '0'),
(903, 'Cristian', 'Gerardo-Sifuentes', 0, 'nf', 'all', 1, '0', 0, '0'),
(904, 'Grace', 'Topoleski', 0, 'troy', 'all', 0, '0', 0, '0'),
(905, 'Rachel', 'Allen', 0, 'gro', 'all', 0, '0', 0, '0'),
(906, 'Rachel', 'Allen', 0, 'gro', 'all', 0, '0', 0, '0'),
(907, 'Priyanka ', 'Bhoopathi', 0, 'nf', 'all', 0, '0', 0, '0'),
(908, 'Jazlyn', 'Wright', 0, 'nf', 'all', 0, '0', 0, '0'),
(909, 'Jazlyn', 'Wright', 0, 'nf', 'all', 0, '0', 0, '0'),
(910, 'Jazlyn', 'Wright', 0, 'nf', 'all', 0, '0', 0, '0'),
(911, 'Sarah', 'Fish', 0, 'nf', 'all', 0, '0', 0, '0'),
(912, 'Yohannes', 'Bremer-Bennett', 0, 'bf', 'all', 0, '0', 0, '0'),
(913, 'Lauren', 'Kanan', 0, 'gp', 'all', 0, '0', 0, '0'),
(914, 'Lauren', 'Kanan', 0, 'gp', 'all', 0, '0', 0, '0'),
(915, 'Emily', 'Kanan', 0, 'gp', 'all', 1, '0', 0, '0'),
(916, 'Melissa', 'Kolis', 0, 'nv', 'all', 0, '0', 0, '0'),
(917, 'Garrett ', 'Garnhart', 0, 'nf', 'all', 0, '0', 0, '0'),
(918, 'Josephine', 'Riley', 0, 'gp', 'all', 0, '0', 0, '0'),
(919, 'Siri', 'Yarlagadda', 0, 'nv', 'all', 0, '0', 0, '0'),
(920, 'Meredith', 'Murphy', 0, 'nf', 'all', 0, '0', 0, '0'),
(921, 'Anisa ', 'Pezeshki', 0, 'nf', 'all', 0, '0', 0, '0'),
(922, 'Megan', 'Eisengruber', 0, 'gp', 'all', 0, '0', 0, '0'),
(923, 'Sarah', 'Ashkar', 0, 'gp', 'all', 0, '0', 0, '0'),
(924, 'Renze', 'Chen', 0, 'brk', 'all', 0, '0', 0, '0'),
(925, 'Ava', 'Ruggirello', 0, 'nf', 'all', 0, '0', 0, '0'),
(926, 'Ava', 'Ruggirello', 0, 'nf', 'all', 0, '0', 0, '0'),
(927, 'Morgan ', 'Whitehead', 0, 'nv', 'all', 0, '0', 0, '0'),
(928, 'Matt', 'Segall', 0, 'brk', 'all', 0, '0', 0, '0'),
(929, 'Abby', 'Scroggie ', 0, 'troy', 'all', 1, '0', 0, '0'),
(930, 'Jessica', 'Pike', 0, 'troy', 'all', 1, '0', 0, '0'),
(931, 'Abdulrahim', 'AlSubee', 0, 'bf', 'all', 0, '0', 0, '0'),
(932, 'Indya', 'Hood', 0, 'bf', 'all', 0, '0', 0, '0'),
(933, 'Sarah', 'Dalian', 0, 'bf', 'all', 1, '0', 0, '0'),
(934, 'Alyssa', 'Mills', 0, 'nv', 'all', 0, '0', 0, '0'),
(935, 'Brooke', 'Mills', 0, 'nv', 'all', 0, '0', 0, '0'),
(936, 'Porsche', 'Fischer', 0, 'troy', 'all', 1, '0', 0, '0'),
(937, 'Mya', 'Morris', 0, 'gp', 'all', 0, '0', 0, '0'),
(938, 'Taylor ', 'Burton', 0, 'gp', 'all', 0, '0', 0, '0'),
(939, 'Lolly', 'Duus', 0, 'gp', 'all', 1, '0', 0, '0'),
(940, 'Logan', 'Stephenson', 0, 'ren', 'all', 0, '0', 0, '0'),
(941, 'Elise', 'Dishman', 0, 'bf', 'all', 0, '0', 0, '0'),
(942, 'Imani', 'Jabari', 0, 'ren', 'all', 0, '0', 0, '0'),
(943, 'Michaela', 'Vertin', 0, 'nf', 'all', 1, '0', 0, '0'),
(944, 'Gracey', 'Bennett Carpenter', 0, 'bf', 'all', 0, '0', 0, '0'),
(945, 'Nicholas', 'Greer', 0, 'bf', 'all', 0, '0', 0, '0'),
(946, 'Gracey', 'Bennett-Carpenter', 0, 'bf', 'all', 0, '0', 0, '0'),
(947, 'Addison', 'Mauck', 0, 'gp', 'all', 1, '0', 0, '0'),
(948, 'Helena', 'Tomkiw', 0, 'brk', 'all', 0, '0', 0, '0'),
(949, 'Kaley', 'Zarek', 0, 'bf', 'all', 1, '0', 0, '0'),
(950, 'Jacob', 'Hannawa', 0, 'bf', 'all', 0, '0', 0, '0'),
(951, 'Maya', 'Nassif', 0, 'bf', 'all', 0, '0', 0, '0'),
(952, 'Jacob', 'Hannawa', 0, 'bf', 'all', 0, '0', 0, '0'),
(953, 'Nicole', 'Carlson', 0, 'gp', 'all', 1, '0', 0, '0'),
(954, 'Nicole', 'Carlson', 0, 'gp', 'all', 1, '0', 0, '0'),
(955, 'Kaley', 'Zarek', 0, 'bf', 'all', 0, '0', 0, '0'),
(956, 'morgan', 'ford', 0, 'gro', 'all', 0, '0', 0, '0'),
(957, 'Heidi', 'Marchi', 0, 'gp', 'all', 0, '0', 0, '0'),
(958, 'Heidi', 'Marchi', 0, 'gp', 'all', 0, '0', 0, '0'),
(959, 'Jack', 'Foster', 0, 'gro', 'all', 1, '0', 0, '0'),
(960, 'Danajah', 'Neal', 0, 'nf', 'all', 0, '0', 0, '0'),
(961, 'Danajah', 'Neal', 0, 'nf', 'all', 0, '0', 0, '0'),
(962, 'Josh', 'Siegel', 0, 'bf', 'all', 0, '0', 0, '0'),
(963, 'Elijah', 'Appelman', 0, 'bf', 'all', 0, '0', 0, '0'),
(964, 'Eeshika', 'Dadheech', 0, 'bf', 'all', 0, '0', 0, '0'),
(965, 'Allen', 'Diao', 0, 'troy', 'all', 0, '0', 0, '0'),
(966, 'Christopher', 'Lee', 0, 'troy', 'all', 0, '0', 0, '0'),
(967, 'Miranda', 'Vordermark', 0, 'gro', 'all', 0, '0', 0, '0'),
(968, 'Mackenzie', 'Mac', 0, 'gro', 'all', 0, '0', 0, '0'),
(969, 'Ryan', 'Warren', 0, 'nf', 'all', 0, '0', 0, '0'),
(970, 'Demetrice', 'Askew', 0, 'gp', 'all', 0, '0', 0, '0'),
(971, 'Avery ', 'Long', 0, 'bf', 'all', 0, '0', 0, '0'),
(972, 'Cassidy', 'Gontko', 0, 'gp', 'all', 0, '0', 0, '0'),
(973, 'Jhanvi', 'Patel', 0, 'nv', 'all', 0, '0', 0, '0'),
(974, 'Ella', 'Turnbull', 0, 'gp', 'all', 0, '0', 0, '0'),
(975, 'Abdurahim ', 'AlSubee', 0, 'bf', 'all', 0, '0', 0, '0'),
(977, 'Maya ', 'Wolock', 0, 'gro', 'all', 0, '0', 0, '0'),
(978, 'dd', 'dd', 0, 'gro', 'all', 0, '0', 0, '0'),
(979, 'Lauren', 'Ong', 0, 'bf', 'all', 0, '0', 0, '0'),
(980, 'Maya', 'Ross', 0, 'nf', 'all', 0, '0', 0, '0'),
(981, 'Elijah ', 'Harbut', 0, 'brk', 'all', 0, '0', 0, '0'),
(982, 'Danajah', 'Neal', 0, 'nf', 'all', 0, '0', 0, '0'),
(983, 'jonas', 'padilla', 0, 'brk', 'all', 1, '0', 0, '0'),
(984, 'Cassidy', 'Ivanko', 0, 'gro', 'all', 0, '0', 0, '0'),
(985, 'Cassidy', 'Ivanko', 0, 'gro', 'all', 0, '0', 0, '0'),
(986, 'Lauren', 'Biglin', 0, 'bf', 'all', 0, '0', 0, '0'),
(987, 'Christion ', 'Carter', 0, 'nf', 'all', 0, '0', 0, '0'),
(988, 'Vanessa', 'Vigier', 0, 'bf', 'all', 0, '0', 0, '0'),
(989, 'Sydney', 'Taylor', 0, 'bf', 'all', 0, '0', 0, '0'),
(990, 'Emma', 'Hourdakis', 0, 'gro', 'all', 0, '0', 0, '0'),
(991, 'kelsey', 'flynn', 0, 'gro', 'all', 0, '0', 0, '0'),
(992, 'Grace', 'Jackson', 0, 'ren', 'all', 0, '0', 0, '0'),
(993, 'Logan', 'Knight ', 0, 'nf', 'all', 1, '0', 0, '0'),
(994, 'Blake', 'Bailey', 0, 'bf', 'all', 0, '0', 0, '0'),
(995, 'Maddie', 'Mustion', 0, 'bf', 'all', 0, '0', 0, '0'),
(996, 'Renee', 'Soulliere', 0, 'troy', 'all', 1, '0', 0, '0'),
(997, 'Sydney', 'Stearns', 0, 'bf', 'all', 0, '0', 0, '0'),
(998, 'Allen', 'Diao', 0, 'troy', 'all', 0, '0', 0, '0'),
(999, 'Sydney', 'Stearns', 0, 'bf', 'all', 0, '0', 0, '0'),
(1000, 'Maura', 'Mustion', 0, 'bf', 'all', 0, '0', 0, '0'),
(1001, 'Maura', 'Mustion', 0, 'bf', 'all', 0, '0', 0, '0'),
(1002, 'Danielle', 'Boos', 0, 'bf', 'all', 0, '0', 0, '0'),
(1003, 'Alan ', 'Carbajo ', 0, 'troy', 'all', 1, '0', 0, '0'),
(1004, 'Scott', 'Greenhalgh', 0, 'nv', 'all', 0, '0', 0, '0'),
(1005, 'celia', 'machlay', 0, 'gro', 'all', 0, '0', 0, '0'),
(1006, 'Scott', 'Greenhalgh', 0, 'nv', 'all', 0, '0', 0, '0'),
(1007, 'Maya', 'Rajan', 0, 'bf', 'all', 0, '0', 0, '0'),
(1008, 'Sean', 'Sullivan', 0, 'gro', 'all', 0, '0', 0, '0'),
(1009, 'Sean', 'Sullivan', 0, 'gro', 'all', 0, '0', 0, '0'),
(1010, 'Alexa', 'Dulmage', 0, 'nf', 'all', 0, '0', 0, '0'),
(1011, 'Alexa', 'Dulmage', 0, 'nf', 'all', 0, '0', 0, '0'),
(1012, 'Abby', 'Sovran', 0, 'gro', 'all', 0, '0', 0, '0'),
(1013, 'Tiara', 'Tisdale', 0, 'ren', 'all', 0, '0', 0, '0'),
(1014, 'Marci', 'Edwards', 0, 'brk', 'all', 0, '0', 0, '0'),
(1015, 'Madeline ', 'Gwinn', 0, 'bf', 'all', 0, '0', 0, '0'),
(1495, '', '', 0, '0', 'all', 0, '0', 0, '0'),
(1496, 'Fatima', 'Bilal', 1, 's2s', 'all', 1, 'Honda Accord 2006', 5, '0'),
(1497, 'Mary ', 'Rockwell', 2, 'nf', 'play', 1, 'Ford Fiesta ', 5, '0'),
(1498, 'Jacob', 'Pollitt', 4, 'nv', 'play', 1, 'Ford Focus ST', 5, '0'),
(1499, 'Cameron', 'Scott', 5, 'gro', 'play', 1, '0', 15, '0'),
(1500, 'Charles', 'felton', 6, 'ren', 'play', 0, '0', 0, '0'),
(1501, 'Emily', 'Martin', 7, 'troy', 'play', 0, '0', 0, '0'),
(1502, 'Carolyn', 'Whittico', 8, 's2s', 'paint', 1, 'Sable 1999', 5, '0'),
(1503, 'Andreah ', 'Patsalis', 9, 'nv', 'all', 1, 'Buick Enclave ', 7, '0'),
(1504, 'Alexandra', 'Gormely', 10, 'gp', 'all', 1, 'Ford Escape', 6, '0'),
(1505, 'Bethanie', 'Martin', 12, 's2s', 'paint', 1, '2001 Chevy Impala', 5, '0'),
(1506, 'Artona ', 'Millhouse ', 13, 's2s', 'play', 1, 'Hyundai Accent ', 4, '0'),
(1507, 'Artyia \'', 'Millhouse ', 14, 's2s', 'play', 1, 'Saturn L 300', 5, '0'),
(1508, 'Amanda', 'Zlotoff', 15, 'bf', 'play', 1, 'Honda Accord 1990', 5, '0'),
(1509, 'Sanaya', 'Irani', 16, 'nf', 'play', 0, '0', 0, '0'),
(1510, 'Shelby', 'Stallworth', 19, 'brk', 'play', 0, '0', 0, '0'),
(1511, 'Kailey', 'Savona', 20, 'nv', 'play', 1, 'Ford Edge', 5, '0'),
(1512, 'Franky', 'Xu', 21, 's2s', 'play', 0, '0', 0, '0'),
(1513, 'Mariam ', 'Sharaf', 22, 'bf', 'all', 1, 'Dodge Dart 2013 ', 5, '0'),
(1514, 'Talayia', 'Sterrett', 23, 'ren', 'all', 0, '0', 0, '0'),
(1515, 'Tiffany', 'Chen', 25, 'nv', 'all', 1, 'Kia Spectra 2005', 5, '0'),
(1516, 'Julia', 'Mariotti', 26, 'nv', 'play', 1, '2008 Ford Taurus', 5, '0'),
(1517, 'Laura', 'Sofia', 27, 'gro', 'play', 1, '0', 0, '0'),
(1518, 'Patrick', 'Roache', 28, 's2s', 'paint', 0, '0', 0, '0'),
(1519, 'Shannon', 'Robinson', 29, 'brk', 'play', 1, 'Toyota Camry ', 5, '0'),
(1520, 'Isaac', 'Piepszowski', 30, 's2s', 'all', 1, 'Ford Freestyle', 7, '0'),
(1521, 'Zenny', 'Chu', 31, 'nf', 'all', 1, 'Honda Civic', 5, '0'),
(1522, 'barbara', 'smith', 32, 'nf', 'all', 1, 'mercury milan', 5, '0'),
(1523, 'Sandra', 'Abbo', 33, 'troy', 'all', 1, 'Jeep Cherokee ', 5, '0'),
(1525, 'Sarah ', 'Gargaro', 35, 's2s', 'play', 1, 'Ford Explorer', 7, '0'),
(1526, 'Aram', 'Gibson', 36, 'aa', 'paint', 0, '0', 0, '0'),
(1527, 'LaTonia', 'Hasan', 38, 'ren', 'play', 0, '0', 0, '0'),
(1528, 'Tammi', 'Cervantes', 39, 's2s', 'play', 0, '0', 0, '0'),
(1529, 'Emma', 'Freeborn', 40, 'aa', 'play', 0, '0', 0, '0'),
(1530, 'Tess', 'Parr', 41, 's2s', 'paint', 1, '2007 Dodge Caravan', 7, '0'),
(1531, 'Makaila', 'Doggett', 43, 'brk', 'all', 0, '0', 0, '0'),
(1532, 'Teddy', 'Ajluni', 44, 'bf', 'all', 1, '2012 Ford Escape', 5, '0'),
(1533, 'Catera', 'Hamilton', 45, 'ren', 'all', 0, '0', 0, '0'),
(1534, 'Erykah', 'Benson', 47, 'gp', 'all', 0, '0', 0, '0'),
(1535, 'Tolu', 'Igun', 48, 'nf', 'all', 1, 'Ford Focus', 5, '0'),
(1536, 'Holly', 'Taipala', 49, 'nf', 'all', 1, '0', 0, '0'),
(1537, 'Harry', 'Susalla', 50, 'gp', 'all', 0, '0', 0, '0'),
(1538, 'Tiffany', 'Raines', 51, 's2s', 'all', 0, '0', 0, '0'),
(1539, 'Sinduja', 'Kilaru', 52, 's2s', 'play', 1, 'Chevy Equinox', 5, '0'),
(1540, 'Nia', 'Williams ', 53, 'nf', 'all', 0, '0', 0, '0'),
(1541, 'Allie', 'Isabell', 54, 'aa', 'paint', 1, 'Jeep Wrangler 2014', 5, '0'),
(1542, 'Mae', 'Mansky', 55, 'bf', 'all', 1, '0', 7, '0'),
(1543, 'Simone', 'Hills', 56, 's2s', 'all', 1, 'Ford Taurus 2001', 5, '0'),
(1544, 'Noah ', 'Ward', 58, 's2s', 'play', 1, '0', 0, '0'),
(1545, 'Sydni', 'Davis', 59, 's2s', 'all', 1, '0', 0, '0'),
(1546, 'Katherine', 'Sain', 60, 'aa', 'all', 1, 'Kia Sportage (2011, Red)', 5, '0'),
(1547, '', '', 0, '0', 'all', 0, '0', 0, '0'),
(1548, 'Tristan', 'Lopus', 1, 'troy', 'play', 1, 'Chevy Impala', 5, NULL),
(1549, 'Elaine', 'MacIntyre', 1, 'nv', 'play', 1, NULL, 5, NULL),
(1550, 'Teddy', 'Aljuni', 0, 'bf', 'paint', 1, NULL, 5, NULL);

-- --------------------------------------------------------

--
-- Table structure for table `ProjectSite`
--

CREATE TABLE `ProjectSite` (
  `projectSite_id` varchar(20) NOT NULL,
  `name` varchar(20) NOT NULL,
  `project` enum('paint','plant','play') NOT NULL,
  `address` varchar(50) NOT NULL,
  `city` varchar(35) NOT NULL,
  `state` varchar(2) NOT NULL,
  `zip` varchar(7) NOT NULL,
  `extraDirection` varchar(65000) DEFAULT NULL,
  `partnerContactName` varchar(50) DEFAULT NULL,
  `parterContactPhone` varchar(12) DEFAULT NULL,
  `minTeers` tinyint(100) DEFAULT NULL,
  `maxTeers` tinyint(100) DEFAULT NULL,
  `isActive` tinyint(1) DEFAULT NULL
) ENGINE=InnoDB DEFAULT CHARSET=latin1;

--
-- Dumping data for table `ProjectSite`
--

INSERT INTO `ProjectSite` (`projectSite_id`, `name`, `project`, `address`, `city`, `state`, `zip`, `extraDirection`, `partnerContactName`, `parterContactPhone`, `minTeers`, `maxTeers`, `isActive`) VALUES
('clarkPark', 'Clark Park', 'play', '1130 Clark Ave', 'Detroit', 'MI', '48209', NULL, NULL, NULL, NULL, NULL, 1),
('crowell', 'Crowell Rec Center', 'paint', '16630 Lahser\\', 'Detroit', 'MI', '48219', NULL, NULL, NULL, NULL, NULL, 1),
('delray', 'Delray', 'play', '500 S. Leigh Street', 'Detroit', 'MI', '48209', NULL, NULL, NULL, NULL, NULL, 0),
('denby', 'Denby', 'paint', '2383 SOMEWHERE', 'Detroit', 'MI', 'A_ZIP', NULL, NULL, NULL, NULL, NULL, 0),
('experiencia', 'Experiencia Academy', 'paint', '1234 SOMEWHERE', 'Detroit', 'MI', 'A_ZIP', NULL, NULL, NULL, NULL, NULL, 1),
('flp', 'Ford-Lasalle Park', 'play', '13900 La Salle Blvd', 'Detroit', 'MI', '48238', NULL, NULL, NULL, NULL, NULL, 1),
('hamtramck', 'Hamtramck', 'play', '8625 Joseph Campau Ave', 'Hamtramck', 'MI', '48212', NULL, NULL, NULL, NULL, NULL, 1),
('jude', 'Jude Fam. Child Care', 'paint', '9105 Van Dyke St', 'Detroit', 'MI', '48213', NULL, NULL, NULL, NULL, NULL, NULL),
('mckinstry', 'McKinstry St. Garden', 'plant', '159 SOMEWHERE', 'Detroit', 'MI', 'A_ZIP', NULL, NULL, NULL, NULL, NULL, 1),
('nwac', 'NWAC', 'play', '18100 Meyers Rd.', 'Detroit', 'MI', '48235', NULL, 'Gail Carr', NULL, NULL, NULL, 0),
('patt', 'Patton Park', 'paint', '2301 Woodmere St', 'Detroit', 'MI', '48209', NULL, NULL, NULL, NULL, NULL, 1),
('plumStreet', 'Plum Street', 'plant', '1239 SOMEWHERE', 'Detroit', 'MI', 'A_ZIP', NULL, NULL, NULL, NULL, NULL, 0),
('stoe_1', 'Stoepel Park No. 1', 'paint', '14575 Auburn Street', 'Detroit', 'MI', '48223', NULL, NULL, NULL, NULL, NULL, 1),
('trumbull', 'Trumbull Viaduct', 'paint', '102 SOMEWHERE', 'Detroit', 'MI', 'A_ZIP', NULL, NULL, NULL, NULL, NULL, 0);

-- --------------------------------------------------------

--
-- Table structure for table `RegistrationInfo`
--

CREATE TABLE `RegistrationInfo` (
  `person_id` int(11) NOT NULL,
  `age` tinyint(4) NOT NULL,
  `birthdate` date NOT NULL,
  `email` varchar(100) NOT NULL,
  `phone` varchar(12) NOT NULL,
  `altPhone` varchar(12) DEFAULT NULL,
  `address` varchar(50) NOT NULL,
  `addressLineTwo` varchar(20) NOT NULL,
  `city` varchar(35) NOT NULL,
  `state` varchar(2) NOT NULL,
  `zip` varchar(7) NOT NULL,
  `race` varchar(30) NOT NULL,
  `religion` varchar(50) NOT NULL,
  `primaryCarpool_id` varchar(20) NOT NULL,
  `secondaryCarpool_id` varchar(20) DEFAULT NULL,
  `phoneProvider` varchar(15) DEFAULT NULL,
  `canText` tinyint(1) NOT NULL,
  `highSchool` varchar(100) DEFAULT NULL,
  `hsGradYear` year(4) DEFAULT NULL,
  `college` varchar(100) DEFAULT NULL,
  `colGradYear` year(4) DEFAULT NULL,
  `emerContactPrimary_id` int(11) NOT NULL,
  `emerContactSecondary_id` int(11) NOT NULL,
  `shirtSize` enum('XS','S','M','L','XL','XXL') NOT NULL,
  `paymentMethod` enum('credit','credit_donation','cash_check','cash_check_donation','partTwo','waive') NOT NULL,
  `initialed` varchar(5) NOT NULL,
  `driverPermit` enum('isAdult','isMinorWithPermission','noPermission','needMoreInfo') NOT NULL,
  `parentDriver` enum('willing','ifNeeded','no') NOT NULL,
  `turnedInPartTwo` tinyint(1) NOT NULL,
  `notes` varchar(3000) DEFAULT NULL,
  `paymentStatus` enum('paid','unpaid') DEFAULT NULL,
  `paymentTotal` mediumint(8) DEFAULT NULL,
  `paymentCurrency` varchar(10) DEFAULT NULL,
  `paymentConfCode` varchar(100) DEFAULT NULL,
  `paymentMerchant` varchar(50) DEFAULT NULL
) ENGINE=InnoDB DEFAULT CHARSET=latin1;

-- --------------------------------------------------------

--
-- Table structure for table `SystemUser`
--

CREATE TABLE `SystemUser` (
  `username` varchar(100) NOT NULL,
  `password` char(128) NOT NULL,
  `person_id` int(11) DEFAULT NULL,
  `canViewLogistics` tinyint(1) NOT NULL,
  `canTakeAttendance` tinyint(1) NOT NULL,
  `canEditLogistics` tinyint(1) NOT NULL,
  `canEditAttendanceRecords` tinyint(1) NOT NULL,
  `canEditVolunteerProfiles` tinyint(1) NOT NULL,
  `canEditSystemUsers` tinyint(1) NOT NULL,
  `role` enum('admin','captain','genCrew') DEFAULT NULL
) ENGINE=InnoDB DEFAULT CHARSET=latin1;

--
-- Dumping data for table `SystemUser`
--

INSERT INTO `SystemUser` (`username`, `password`, `person_id`, `canViewLogistics`, `canTakeAttendance`, `canEditLogistics`, `canEditAttendanceRecords`, `canEditVolunteerProfiles`, `canEditSystemUsers`, `role`) VALUES
('akolesky', '$2y$10$aq1UPk8cxqyvyLBSvTyQSuF8Hmws5MNBGchWQGPKI5EE0x28ky/Em', 507, 1, 1, 0, 0, 0, 0, 'captain'),
('bfalik', '$2y$10$rhA9nF7CGuOOyWtWCsAMV.FOpdkzHoStb6x3a.zdt7lZsU7u7aIwi', NULL, 1, 1, 1, 1, 1, 1, 'admin'),
('chall', '$2y$10$oL4iovWxw3M54FhEWJNyl.GgamGQ4MkxjCZZiHu7yYK3KGq0PtpEO', 504, 1, 1, 0, 0, 0, 0, 'captain'),
('general_crew', '$2y$10$5OLkd6aCITQgfDdHwMB/4.4yZCYibyOxVsvkiX6HPRCHDG3qnBIVK', 0, 1, 1, 0, 0, 0, 0, 'captain'),
('ipiepszowski', '$2y$10$5OLkd6aCITQgfDdHwMB/4.4yZCYibyOxVsvkiX6HPRCHDG3qnBIVK', 1520, 1, 1, 1, 1, 1, 1, 'admin'),
('jallen', '$2y$10$oBXOttczcAoTbfHRhDEDvOY5e0XyC27xbDAConBj0Fp6EIAn23DB6', 505, 1, 1, 0, 0, 0, 0, 'captain'),
('jbice', '$2y$10$/DpE5PBvYjY8rwnfMMTsbuvooRKO5P8xSn95CIIT1EcN6SB1guMAK', 502, 1, 1, 0, 0, 0, 0, 'captain'),
('ksain', '$2y$10$DZMF1YOLrbJ3BShU5EcrYuQqwA8FS9TXzCh7DwrqqkBNrdEq3kGFm', 1546, 1, 1, 0, 0, 0, 0, 'captain'),
('lboisten', '$2y$10$yo7u6IdkhvwI9fIDvRw9PuCETisP/0P4XuS0NvjfU71BdMlL1Wzye', 501, 1, 1, 0, 0, 0, 0, 'captain'),
('mduesterberg', '$2y$10$eh0NPV2TThUhvd8s4VuDoO0NnzSmaRzcBAorhlnw7dUY4ktI4baka', 503, 1, 1, 0, 0, 0, 0, 'captain'),
('mpayne', '$2y$10$HSwjsX84m59OpvqN6Y3K1.//VLUl6P8hHQG0qmVsmZsE7XB39uzwW', 506, 1, 1, 0, 0, 0, 0, 'captain'),
('sabrams', '$2y$10$XFllvT4XiWvIPU.jX5n2N.Jk5YoYgOURASKwbI4NjOEF1mxdhjU5e', 500, 1, 1, 0, 0, 0, 0, 'captain'),
('testUser', '$2y$10$.O3Ysy.YQ/QKXLpe8FcF7uW5YcMxrGfBAcePX3v6X/Ev4DQw3MiQO', 77, 1, 1, 1, 1, 1, 1, NULL),
('tlopus', '$2y$10$5OLkd6aCITQgfDdHwMB/4.4yZCYibyOxVsvkiX6HPRCHDG3qnBIVK', 1548, 1, 1, 1, 1, 1, 1, 'admin');

--
-- Indexes for dumped tables
--

--
-- Indexes for table `AttendanceRecord`
--
ALTER TABLE `AttendanceRecord`
  ADD PRIMARY KEY (`date`,`person_id`);

--
-- Indexes for table `CarpoolSite`
--
ALTER TABLE `CarpoolSite`
  ADD PRIMARY KEY (`carpoolSite_id`),
  ADD KEY `captain_fk` (`captain_id`);

--
-- Indexes for table `CheckedIn`
--
ALTER TABLE `CheckedIn`
  ADD PRIMARY KEY (`person_id`),
  ADD UNIQUE KEY `person_id` (`person_id`),
  ADD KEY `carpoolSite_fk` (`carpoolSite_id`);

--
-- Indexes for table `Crew`
--
ALTER TABLE `Crew`
  ADD PRIMARY KEY (`person_id`);

--
-- Indexes for table `EmergencyContact`
--
ALTER TABLE `EmergencyContact`
  ADD PRIMARY KEY (`emerContact_id`);

--
-- Indexes for table `LogisticsSchedule`
--
ALTER TABLE `LogisticsSchedule`
  ADD PRIMARY KEY (`carpoolSite_id`);

--
-- Indexes for table `Person`
--
ALTER TABLE `Person`
  ADD PRIMARY KEY (`person_id`);

--
-- Indexes for table `ProjectSite`
--
ALTER TABLE `ProjectSite`
  ADD PRIMARY KEY (`projectSite_id`);

--
-- Indexes for table `RegistrationInfo`
--
ALTER TABLE `RegistrationInfo`
  ADD PRIMARY KEY (`person_id`);

--
-- Indexes for table `SystemUser`
--
ALTER TABLE `SystemUser`
  ADD PRIMARY KEY (`username`),
  ADD KEY `person_fk` (`person_id`);

--
-- AUTO_INCREMENT for dumped tables
--

--
-- AUTO_INCREMENT for table `Crew`
--
ALTER TABLE `Crew`
  MODIFY `person_id` int(11) NOT NULL AUTO_INCREMENT, AUTO_INCREMENT=508;
--
-- AUTO_INCREMENT for table `EmergencyContact`
--
ALTER TABLE `EmergencyContact`
  MODIFY `emerContact_id` int(11) NOT NULL AUTO_INCREMENT;
--
-- AUTO_INCREMENT for table `Person`
--
ALTER TABLE `Person`
  MODIFY `person_id` int(11) NOT NULL AUTO_INCREMENT, AUTO_INCREMENT=1551;
--
-- Constraints for dumped tables
--

--
-- Constraints for table `CarpoolSite`
--
ALTER TABLE `CarpoolSite`
  ADD CONSTRAINT `captain_fk` FOREIGN KEY (`captain_id`) REFERENCES `Crew` (`person_id`) ON UPDATE CASCADE;

--
-- Constraints for table `CheckedIn`
--
ALTER TABLE `CheckedIn`
  ADD CONSTRAINT `carpoolSite_fk` FOREIGN KEY (`carpoolSite_id`) REFERENCES `CarpoolSite` (`carpoolSite_id`) ON DELETE SET NULL ON UPDATE CASCADE;

/*!40101 SET CHARACTER_SET_CLIENT=@OLD_CHARACTER_SET_CLIENT */;
/*!40101 SET CHARACTER_SET_RESULTS=@OLD_CHARACTER_SET_RESULTS */;
/*!40101 SET COLLATION_CONNECTION=@OLD_COLLATION_CONNECTION */;
